date,poly_rep,poly_dem,poly_trump,poly_harris,poly_biden,poly_margin,poll_trump,poll_dem,poll_margin,event,is_debate,is_assassination,is_biden_exit,is_whale_surge,d_poly_margin,d_poll_margin,media_salience,donor_momentum,d_media_salience,d_donor_momentum,daily_volume,log_volume,fed_rate_cut_odds,d_fed_rate_cut_odds,event_name,event_id,tau
2024-06-20,0.565,0.435,0.565,0.016,0.325,0.1299999999999999,40.46175,40.561800000000005,-0.100050000000003,,0,0,0,0,0.0,-0.6875500000000017,36.515547798220275,-2.0661158006439324,0.525272460673591,-1.6272646991428665,6.084107228928603,1.8056799989834489,0.5778883585948565,0.03092528705305808,June 27 Debate,1,-7
2024-06-21,0.565,0.435,0.565,0.0155,0.335,0.1299999999999999,40.49005,40.6726,-0.1825500000000062,,0,0,0,0,0.0,-0.0825000000000031,39.03725986112569,2.458659089668056,2.521712062905415,4.524774890311988,5.837124526668197,1.7642383000129662,0.6634203437675553,0.08553198517269878,June 27 Debate,1,-6
2024-06-22,0.565,0.435,0.565,0.0205,0.335,0.1299999999999999,40.4789,40.7451,-0.2661999999999977,,0,0,0,0,0.0,-0.0836499999999915,40.59903189724611,0.05912313678923997,1.5617720361204164,-2.399535952878816,6.212482469175736,1.826560569555705,0.6558201714123454,-0.007600172355209933,June 27 Debate,1,-5
2024-06-23,0.575,0.425,0.575,0.0145,0.345,0.1499999999999999,40.63115,40.9633,-0.3321499999999986,,0,0,0,0,0.02,-0.0659500000000008,41.91408235056782,-1.3056342739941869,1.3150504533217102,-1.3647574107834268,6.740523051605017,1.9081375260088733,0.6232364666117922,-0.03258370480055317,June 27 Debate,1,-4
2024-06-24,0.595,0.405,0.575,0.0145,0.345,0.1899999999999999,40.7074,40.8352,-0.1278000000000005,,0,0,0,0,0.0399999999999999,0.204349999999998,45.075415036408835,1.2335677893936816,3.1613326858410176,2.5392020633878687,5.953947563435914,1.7840544556075264,0.6417376924239325,0.01850122581214031,June 27 Debate,1,-3
2024-06-25,0.585,0.415,0.585,0.014,0.345,0.1699999999999999,40.6892,40.85065,-0.1614500000000021,,0,0,0,0,-0.0199999999999999,-0.0336500000000015,41.74414603045462,-0.15387000903598969,-3.331269005954212,-1.3874377984296713,6.650343599194494,1.894668522384767,0.6035268104225344,-0.038210882001398105,June 27 Debate,1,-2
2024-06-26,0.595,0.405,0.595,0.013,0.335,0.1899999999999999,41.03555,40.931349999999995,0.1042000000000058,,0,0,0,0,0.0199999999999999,0.2656500000000079,46.3784357635922,7.067854087681409,4.634289733137578,7.221724096717399,6.830126349206537,1.9213431725633539,0.6166522299069985,0.013125419484464107,June 27 Debate,1,-1
2024-06-27,0.605,0.395,0.595,0.014,0.335,0.2099999999999999,41.076899999999995,40.9069,0.1699999999999946,First Presidential Debate,1,0,0,0,0.02,0.0657999999999887,122.53797271545494,23.354099392373627,76.15953695186275,16.286245304692216,16.300599862523168,2.7912019085173516,0.5975847749725698,-0.01906745493442874,June 27 Debate,1,0
2024-06-28,0.605,0.395,0.605,0.011,0.325,0.2099999999999999,41.33175,40.61855,0.7132000000000005,,0,0,0,0,0.0,0.5432000000000059,49.6079753085571,3.130068396708455,-72.92999740689784,-20.22403099566517,7.149612531957886,1.9670581639029514,0.600218852459393,0.0026340774868232053,June 27 Debate,1,1
2024-06-29,0.625,0.375,0.625,0.0345,0.21,0.25,41.50435,40.43545,1.0688999999999993,,0,0,0,0,0.04,0.3556999999999988,46.04140777181336,7.449860347225066,-3.56656753674374,4.319791950516611,6.182455448435395,1.8217155143115131,0.6291969527374421,0.028978100278049146,June 27 Debate,1,2
2024-06-30,0.625,0.375,0.625,0.0285,0.215,0.25,41.71665,40.380849999999995,1.335800000000006,,0,0,0,0,0.0,0.2669000000000068,39.511282731236754,3.943420769119046,-6.530125040576607,-3.50643957810602,6.164660124587364,1.8188330052648694,0.6216869955739597,-0.007509957163482461,June 27 Debate,1,3
2024-07-01,0.615,0.385,0.615,0.0515,0.185,0.2299999999999999,41.78045,40.4044,1.376049999999999,,0,0,0,0,-0.02,0.0402499999999932,40.389837767091024,1.2967894966793394,0.8785550358542693,-2.6466312724397065,7.173713284826613,1.9704234124383664,0.645598063170209,0.02391106759624928,June 27 Debate,1,4
2024-07-02,0.63,0.37,0.66,0.0445,0.225,0.26,41.8454,40.226600000000005,1.6187999999999931,,0,0,0,0,0.03,0.2427499999999938,45.97110100352956,7.707810193174144,5.581263236438538,6.411020696494804,6.8542249149536545,1.9248652380516915,0.6673588486812303,0.02176078551102134,June 27 Debate,1,5
2024-07-03,0.655,0.345,0.65,0.0965,0.165,0.31,42.0912,39.76065,2.3305500000000023,,0,0,0,0,0.05,0.7117500000000092,45.37587099120705,5.997275109211647,-0.59523001232251,-1.7105350839624966,7.173230195127819,1.970356068519482,0.606668520101739,-0.060690328579491304,June 27 Debate,1,6
2024-07-04,0.63,0.37,0.615,0.155,0.125,0.26,42.079350000000005,39.7,2.3793500000000023,,0,0,0,0,-0.05,0.0487999999999999,48.5122419789108,1.3068846141838595,3.1363709877037493,-4.6903904950277875,6.822586917896707,1.9202387134087917,0.5757704699191457,-0.030898050182593284,June 27 Debate,1,7
2024-07-05,0.625,0.375,0.605,0.201,0.085,0.25,42.20855,39.6897,2.5188500000000005,,0,0,0,0,-0.01,0.1394999999999981,45.715338557040894,3.2741533047909797,-2.7969034218699065,1.9672686906071202,6.569748700748615,1.88247558225945,0.5255297070284943,-0.05024076289065138,June 27 Debate,1,8
2024-07-06,0.62,0.38,0.605,0.1595,0.115,0.24,42.0873,39.8079,2.2794000000000025,,0,0,0,0,-0.01,-0.2394499999999979,44.403926656287744,1.410954366538106,-1.31141190075315,-1.8631989382528737,7.458679083187729,2.0093783319407095,0.5829488744989709,0.057419167470476595,June 27 Debate,1,9
2024-07-07,0.635,0.365,0.625,0.1385,0.14,0.27,42.153499999999994,39.88805,2.265449999999994,,0,0,0,0,0.03,-0.0139500000000083,43.610220971990074,0.5930006725891599,-0.7937056842976702,-0.817953693948946,7.4591093810366225,2.0094360211685793,0.5762928836183666,-0.006655990880604312,June 27 Debate,1,10
2024-07-08,0.625,0.375,0.625,0.1305,0.145,0.25,42.03315,39.73095,2.302199999999999,,0,0,0,0,-0.02,0.0367500000000049,41.33564871143578,6.065443868829103,-2.2745722605542937,5.472443196239944,7.332070011840291,1.992257878737146,0.6263233667530904,0.0500304831347238,June 27 Debate,1,11
2024-07-09,0.625,0.375,0.605,0.0605,0.185,0.25,42.0822,39.94540000000001,2.136799999999994,,0,0,0,0,0.0,-0.1654000000000053,43.671631831817514,8.523541601175326,2.3359831203817336,2.458097732346223,6.728362330089533,1.906331775276683,0.5731899478355346,-0.05313341891755585,June 27 Debate,1,12
2024-07-10,0.625,0.375,0.625,0.0905,0.175,0.25,42.2196,40.1172,2.102400000000003,,0,0,0,0,0.0,-0.0343999999999908,47.91275594200069,0.25358106545214687,4.241124110183179,-8.269960535723179,7.2356893092571095,1.9790256298032096,0.5526590458815458,-0.020530901953988767,June 27 Debate,1,13
2024-07-11,0.625,0.375,0.625,0.1545,0.1,0.25,42.3894,40.24585,2.1435500000000047,,0,0,0,0,0.0,0.0411500000000017,46.31961876546341,5.157423091726427,-1.593137176537283,4.90384202627428,6.922081997056817,1.9347165910049986,0.5736341074463018,0.020975061564756037,June 27 Debate,1,14
2024-07-06,0.62,0.38,0.605,0.1595,0.115,0.24,42.0873,39.8079,2.2794000000000025,,0,0,0,0,-0.01,-0.2394499999999979,44.403926656287744,1.410954366538106,-1.31141190075315,-1.8631989382528737,7.458679083187729,2.0093783319407095,0.5829488744989709,0.057419167470476595,Butler Assassination Attempt,2,-7
2024-07-07,0.635,0.365,0.625,0.1385,0.14,0.27,42.153499999999994,39.88805,2.265449999999994,,0,0,0,0,0.03,-0.0139500000000083,43.610220971990074,0.5930006725891599,-0.7937056842976702,-0.817953693948946,7.4591093810366225,2.0094360211685793,0.5762928836183666,-0.006655990880604312,Butler Assassination Attempt,2,-6
2024-07-08,0.625,0.375,0.625,0.1305,0.145,0.25,42.03315,39.73095,2.302199999999999,,0,0,0,0,-0.02,0.0367500000000049,41.33564871143578,6.065443868829103,-2.2745722605542937,5.472443196239944,7.332070011840291,1.992257878737146,0.6263233667530904,0.0500304831347238,Butler Assassination Attempt,2,-5
2024-07-09,0.625,0.375,0.605,0.0605,0.185,0.25,42.0822,39.94540000000001,2.136799999999994,,0,0,0,0,0.0,-0.1654000000000053,43.671631831817514,8.523541601175326,2.3359831203817336,2.458097732346223,6.728362330089533,1.906331775276683,0.5731899478355346,-0.05313341891755585,Butler Assassination Attempt,2,-4
2024-07-10,0.625,0.375,0.625,0.0905,0.175,0.25,42.2196,40.1172,2.102400000000003,,0,0,0,0,0.0,-0.0343999999999908,47.91275594200069,0.25358106545214687,4.241124110183179,-8.269960535723179,7.2356893092571095,1.9790256298032096,0.5526590458815458,-0.020530901953988767,Butler Assassination Attempt,2,-3
2024-07-11,0.625,0.375,0.625,0.1545,0.1,0.25,42.3894,40.24585,2.1435500000000047,,0,0,0,0,0.0,0.0411500000000017,46.31961876546341,5.157423091726427,-1.593137176537283,4.90384202627428,6.922081997056817,1.9347165910049986,0.5736341074463018,0.020975061564756037,Butler Assassination Attempt,2,-2
2024-07-12,0.635,0.365,0.6,0.186,0.12,0.27,42.3345,40.4585,1.8759999999999977,,0,0,0,0,0.02,-0.267550000000007,43.47529281773284,2.4233935771954327,-2.8443259477305673,-2.7340295145309943,6.548351055903328,1.879213270763186,0.5756578339674078,0.0020237265211059396,Butler Assassination Attempt,2,-1
2024-07-13,0.625,0.375,0.595,0.1455,0.155,0.25,42.2635,40.3237,1.9397999999999984,Trump Assassination Attempt,0,1,0,0,-0.02,0.0638000000000005,160.56861575176802,30.53218654058826,117.09332293403517,28.108792963392826,18.51192812664919,2.9184152879161904,0.5882587632423004,0.012600929274892647,Butler Assassination Attempt,2,0
2024-07-14,0.68,0.32,0.675,0.086,0.15,0.36,42.3072,40.40445,1.9027500000000048,,0,0,0,0,0.11,-0.0370499999999935,54.44297969506292,3.9190151894028267,-106.1256360567051,-26.613171351185432,6.6771555179114594,1.8986920761892496,0.5470706347798682,-0.04118812846243225,Butler Assassination Attempt,2,1
2024-07-15,0.74,0.26,0.695,0.056,0.175,0.48,42.426,40.20955,2.216450000000002,Republican National Convention,0,0,0,0,0.1199999999999999,0.3136999999999972,51.574799160886734,5.040023075800459,-2.868180534176183,1.1210078863976323,7.927876028744194,2.0703851597641787,0.585418680044538,0.03834804526466984,Butler Assassination Attempt,2,2
2024-07-16,0.715,0.285,0.705,0.0615,0.175,0.43,42.343500000000006,40.3048,2.0387000000000057,,0,0,0,0,-0.0499999999999999,-0.177749999999996,50.82827861229702,6.571304069862068,-0.7465205485897144,1.5312809940616088,7.202199225716714,1.9743864273984717,0.6051978827165886,0.019779202672050578,Butler Assassination Attempt,2,3
2024-07-17,0.695,0.305,0.685,0.0585,0.185,0.3899999999999999,42.33905,40.30155,2.0375000000000014,,0,0,0,0,-0.04,-0.0012000000000043,50.2838477742012,3.7726247089724043,-0.5444308380958205,-2.7986793608896634,6.841638471008298,1.9230272454937973,0.6134186796405839,0.008220796923995355,Butler Assassination Attempt,2,4
2024-07-18,0.705,0.295,0.675,0.1345,0.115,0.41,43.34035,40.08265,3.2577,,0,0,0,0,0.02,1.2201999999999984,45.823814145856986,6.826142064449597,-4.460033628344213,3.0535173554771924,7.407616756415611,2.002508762260449,0.588899091013521,-0.024519588627062938,Butler Assassination Attempt,2,5
2024-07-19,0.625,0.375,0.615,0.226,0.0445,0.25,43.463,40.2365,3.2265000000000015,,0,0,0,0,-0.1599999999999999,-0.0311999999999983,59.07097424209221,3.6244047263771577,13.247160096235227,-3.201737338072439,7.935087897298216,2.0712944310812573,0.5950296084764966,0.006130517462975549,Butler Assassination Attempt,2,6
2024-07-20,0.665,0.335,0.645,0.1855,0.067,0.33,43.516000000000005,40.29955,3.216450000000002,,0,0,0,0,0.08,-0.0100499999999996,55.226235176579536,4.352629882833976,-3.8447390655126767,0.7282251564568183,7.754987637650786,2.0483362025138576,0.5826094649795444,-0.012420143496952196,Butler Assassination Attempt,2,7
2024-07-21,0.66,0.34,0.64,0.1825,0.0695,0.32,43.4648,40.22535,3.239449999999998,Biden Withdrawal & Endorsement,0,0,1,0,-0.01,0.0229999999999961,151.94068569996733,-21.468909155103994,96.7144505233878,-25.82153903793797,19.035425903534552,2.946301764342991,0.5296055867037184,-0.05300387827582598,Butler Assassination Attempt,2,8
2024-07-22,0.635,0.365,0.63,0.2915,0.0005,0.27,43.4648,40.22535,3.239449999999998,,0,0,0,0,-0.0499999999999999,0.0,55.601968066065844,2.608071673579169,-96.3387176339015,24.076980828683162,7.707018987212514,2.042131470424911,0.5253988173515179,-0.004206769352200435,Butler Assassination Attempt,2,9
2024-07-23,0.625,0.375,0.625,0.3235,0.0005,0.25,43.4648,40.22535,3.239449999999998,,0,0,0,0,-0.02,0.0,46.8579619502909,5.63847806456439,-8.744006115774944,3.0304063909852212,7.788470867420171,2.052644546316614,0.5180659231445695,-0.007332894206948493,Butler Assassination Attempt,2,10
2024-07-24,0.615,0.385,0.605,0.3705,0.0005,0.2299999999999999,44.0377,44.87105,-0.8333499999999958,,0,0,0,0,-0.02,-4.072799999999994,48.529279929454404,4.7022929690609505,1.6713179791635042,-0.9361850955034399,8.055138175750209,2.0863101705165956,0.5474169795936545,0.02935105644908509,Butler Assassination Attempt,2,11
2024-07-25,0.63,0.37,0.625,0.3215,0.0005,0.26,44.2427,44.632850000000005,-0.3901500000000055,,0,0,0,0,0.03,0.4431999999999902,53.841021350795685,1.4561118880036226,5.3117414213412815,-3.246181081057328,7.187211796666964,1.9723033074644973,0.4774229316303237,-0.06999404796333086,Butler Assassination Attempt,2,12
2024-07-26,0.625,0.375,0.615,0.347,0.0005,0.25,43.92505,44.15055,-0.2255000000000038,,0,0,0,0,-0.01,0.1646500000000017,52.99180806875991,3.9983307635730645,-0.8492132820357767,2.542218875569442,7.578288535354843,2.025287387268081,0.48256758252150983,0.005144650891186153,Butler Assassination Attempt,2,13
2024-07-27,0.6,0.4,0.585,0.3975,0.0005,0.1999999999999999,43.91775,44.216750000000005,-0.2990000000000066,,0,0,0,0,-0.05,-0.0735000000000027,55.751500778401876,4.8784678084294715,2.7596927096419677,0.880137044856407,7.207482596333513,1.9751197358668755,0.44591202734051566,-0.03665555518099417,Butler Assassination Attempt,2,14
2024-07-14,0.68,0.32,0.675,0.086,0.15,0.36,42.3072,40.40445,1.9027500000000048,,0,0,0,0,0.11,-0.0370499999999935,54.44297969506292,3.9190151894028267,-106.1256360567051,-26.613171351185432,6.6771555179114594,1.8986920761892496,0.5470706347798682,-0.04118812846243225,Biden Withdrawal,3,-7
2024-07-15,0.74,0.26,0.695,0.056,0.175,0.48,42.426,40.20955,2.216450000000002,Republican National Convention,0,0,0,0,0.1199999999999999,0.3136999999999972,51.574799160886734,5.040023075800459,-2.868180534176183,1.1210078863976323,7.927876028744194,2.0703851597641787,0.585418680044538,0.03834804526466984,Biden Withdrawal,3,-6
2024-07-16,0.715,0.285,0.705,0.0615,0.175,0.43,42.343500000000006,40.3048,2.0387000000000057,,0,0,0,0,-0.0499999999999999,-0.177749999999996,50.82827861229702,6.571304069862068,-0.7465205485897144,1.5312809940616088,7.202199225716714,1.9743864273984717,0.6051978827165886,0.019779202672050578,Biden Withdrawal,3,-5
2024-07-17,0.695,0.305,0.685,0.0585,0.185,0.3899999999999999,42.33905,40.30155,2.0375000000000014,,0,0,0,0,-0.04,-0.0012000000000043,50.2838477742012,3.7726247089724043,-0.5444308380958205,-2.7986793608896634,6.841638471008298,1.9230272454937973,0.6134186796405839,0.008220796923995355,Biden Withdrawal,3,-4
2024-07-18,0.705,0.295,0.675,0.1345,0.115,0.41,43.34035,40.08265,3.2577,,0,0,0,0,0.02,1.2201999999999984,45.823814145856986,6.826142064449597,-4.460033628344213,3.0535173554771924,7.407616756415611,2.002508762260449,0.588899091013521,-0.024519588627062938,Biden Withdrawal,3,-3
2024-07-19,0.625,0.375,0.615,0.226,0.0445,0.25,43.463,40.2365,3.2265000000000015,,0,0,0,0,-0.1599999999999999,-0.0311999999999983,59.07097424209221,3.6244047263771577,13.247160096235227,-3.201737338072439,7.935087897298216,2.0712944310812573,0.5950296084764966,0.006130517462975549,Biden Withdrawal,3,-2
2024-07-20,0.665,0.335,0.645,0.1855,0.067,0.33,43.516000000000005,40.29955,3.216450000000002,,0,0,0,0,0.08,-0.0100499999999996,55.226235176579536,4.352629882833976,-3.8447390655126767,0.7282251564568183,7.754987637650786,2.0483362025138576,0.5826094649795444,-0.012420143496952196,Biden Withdrawal,3,-1
2024-07-21,0.66,0.34,0.64,0.1825,0.0695,0.32,43.4648,40.22535,3.239449999999998,Biden Withdrawal & Endorsement,0,0,1,0,-0.01,0.0229999999999961,151.94068569996733,-21.468909155103994,96.7144505233878,-25.82153903793797,19.035425903534552,2.946301764342991,0.5296055867037184,-0.05300387827582598,Biden Withdrawal,3,0
2024-07-22,0.635,0.365,0.63,0.2915,0.0005,0.27,43.4648,40.22535,3.239449999999998,,0,0,0,0,-0.0499999999999999,0.0,55.601968066065844,2.608071673579169,-96.3387176339015,24.076980828683162,7.707018987212514,2.042131470424911,0.5253988173515179,-0.004206769352200435,Biden Withdrawal,3,1
2024-07-23,0.625,0.375,0.625,0.3235,0.0005,0.25,43.4648,40.22535,3.239449999999998,,0,0,0,0,-0.02,0.0,46.8579619502909,5.63847806456439,-8.744006115774944,3.0304063909852212,7.788470867420171,2.052644546316614,0.5180659231445695,-0.007332894206948493,Biden Withdrawal,3,2
2024-07-24,0.615,0.385,0.605,0.3705,0.0005,0.2299999999999999,44.0377,44.87105,-0.8333499999999958,,0,0,0,0,-0.02,-4.072799999999994,48.529279929454404,4.7022929690609505,1.6713179791635042,-0.9361850955034399,8.055138175750209,2.0863101705165956,0.5474169795936545,0.02935105644908509,Biden Withdrawal,3,3
2024-07-25,0.63,0.37,0.625,0.3215,0.0005,0.26,44.2427,44.632850000000005,-0.3901500000000055,,0,0,0,0,0.03,0.4431999999999902,53.841021350795685,1.4561118880036226,5.3117414213412815,-3.246181081057328,7.187211796666964,1.9723033074644973,0.4774229316303237,-0.06999404796333086,Biden Withdrawal,3,4
2024-07-26,0.625,0.375,0.615,0.347,0.0005,0.25,43.92505,44.15055,-0.2255000000000038,,0,0,0,0,-0.01,0.1646500000000017,52.99180806875991,3.9983307635730645,-0.8492132820357767,2.542218875569442,7.578288535354843,2.025287387268081,0.48256758252150983,0.005144650891186153,Biden Withdrawal,3,5
2024-07-27,0.6,0.4,0.585,0.3975,0.0005,0.1999999999999999,43.91775,44.216750000000005,-0.2990000000000066,,0,0,0,0,-0.05,-0.0735000000000027,55.751500778401876,4.8784678084294715,2.7596927096419677,0.880137044856407,7.207482596333513,1.9751197358668755,0.44591202734051566,-0.03665555518099417,Biden Withdrawal,3,6
2024-07-28,0.585,0.415,0.575,0.394,0.0005,0.1699999999999999,44.078050000000005,44.2969,-0.2188499999999962,,0,0,0,0,-0.0299999999999999,0.0801500000000103,64.921831208928,-1.6235132028034305,9.170330430526121,-6.5019810112329015,8.38876364351207,2.126893148894839,0.45405004719627434,0.008138019855758682,Biden Withdrawal,3,7
2024-07-29,0.595,0.405,0.585,0.393,0.0005,0.1899999999999999,43.97495,44.4071,-0.43215,,0,0,0,0,0.0199999999999999,-0.2133000000000038,54.83495748556435,4.208400480949836,-10.086873723363645,5.831913683753266,8.355019511471015,2.12286249734936,0.4637176981556494,0.009667650959375051,Biden Withdrawal,3,8
2024-07-30,0.595,0.405,0.595,0.38,0.0005,0.1899999999999999,43.6301,44.54535,-0.9152500000000005,,0,0,0,0,0.0,-0.4831000000000003,55.689000982138374,1.1934406026353817,0.8540434965740218,-3.0149598783144542,7.029815081540179,1.950160401286026,0.4594065893694089,-0.0043111087862404696,Biden Withdrawal,3,9
2024-07-31,0.615,0.385,0.585,0.3855,0.0005,0.2299999999999999,43.5051,44.7176,-1.2124999999999986,,0,0,0,0,0.04,-0.2972499999999982,57.90569505177841,4.876496671482897,2.2166940696400346,3.683056068847516,8.060857298824853,2.08701991548069,0.48198428427320034,0.022577694903791412,Biden Withdrawal,3,10
2024-08-01,0.585,0.415,0.555,0.417,0.0005,0.1699999999999999,43.65805,44.8696,-1.2115499999999957,,0,0,0,0,-0.06,0.0009500000000031,58.5606155138812,0.6418521086437063,0.654920462102794,-4.234644562839191,8.422261826920302,2.1308784177058353,0.44263153823611134,-0.03935274603708899,Biden Withdrawal,3,11
2024-08-02,0.555,0.445,0.535,0.4415,0.0005,0.11,43.5577,45.03665,-1.4789500000000046,,0,0,0,0,-0.0599999999999999,-0.2674000000000092,56.02475103833897,-2.862205251661298,-2.5358644755422333,-3.504057360305004,7.3372221378327245,1.9929603156579887,0.4744736786710207,0.03184214043490935,Biden Withdrawal,3,12
2024-08-03,0.55,0.45,0.525,0.4395,0.0005,0.1,43.573800000000006,45.08025,-1.5064499999999938,,0,0,0,0,-0.01,-0.0274999999999892,56.61294718155675,-2.5688560947079067,0.5881961432177789,0.29334915695339125,7.9503215185720775,2.073212370436144,0.4513642075051311,-0.023109471165889572,Biden Withdrawal,3,13
2024-08-04,0.555,0.445,0.545,0.4315,0.0005,0.11,43.67085,45.2924,-1.6215499999999992,,0,0,0,0,0.01,-0.1151000000000053,52.384407088838415,1.7702123666534548,-4.228540092718333,4.339068461361362,8.503755280864901,2.140507863681192,0.4031667848778573,-0.048197422627273834,Biden Withdrawal,3,14
