date,poly_rep,poly_dem,poly_trump,poly_harris,poly_biden,poly_margin,poll_trump,poll_dem,poll_margin,event,is_debate,is_assassination,is_biden_exit,is_whale_surge,d_poly_margin,d_poll_margin,media_salience,donor_momentum,d_media_salience,d_donor_momentum,daily_volume,log_volume,fed_rate_cut_odds,d_fed_rate_cut_odds
2024-01-01,0.465,0.535,,,,-0.07,,,,,0,0,0,0,,,11.490142459033699,1.6969421299679757,,,3.3644325402502195,1.213259312992026,0.27297129095098127,
2024-01-02,0.465,0.535,,,,-0.07,,,,,0,0,0,0,0.0,,9.587976908059035,1.0135408724700745,-1.9021655509746633,-0.6834012574979011,3.4115312138884284,1.2271612268396996,0.30226187063371585,0.029290579682734574
2024-01-03,0.475,0.525,,,,-0.05,,,,,0,0,0,0,0.0199999999999999,,13.152710658401041,1.2837740900015961,3.564733750342006,0.27023321753152163,3.1403216760970625,1.1443252392899694,0.27777464021670994,-0.0244872304170059
2024-01-04,0.475,0.525,,,,-0.05,,,,,0,0,0,0,0.0,,14.58910055503214,2.5136970178858227,1.4363898966310984,1.2299229278842265,3.612245691623894,1.2843296541782676,0.2837989554365735,0.006024315219863574
2024-01-05,0.465,0.535,0.5,,0.5,-0.07,,,,,0,0,0,0,-0.0199999999999999,,10.531125870123484,-0.9974903959181024,-4.057974684908656,-3.511187413803925,3.91321967666668,1.3643604818688486,0.27391592035204404,-0.009883035084529479
2024-01-06,0.46,0.54,0.405,0.0315,0.365,-0.08,,,,,0,0,0,0,-0.01,,9.94777670665327,0.5048824282374098,-0.5833491634702135,1.502372824155512,3.90466090856727,1.3621709443272145,0.2925711928314521,0.01865527247940807
2024-01-07,0.46,0.54,0.405,0.027,0.365,-0.08,,,,,0,0,0,0,0.0,,14.807320746391458,-1.9756668914836402,4.8595440397381875,-2.48054931972105,3.1976966628213965,1.162430757762105,0.3097375980226606,0.01716640519120849
2024-01-08,0.465,0.535,0.475,0.024,0.335,-0.07,,,,,0,0,0,0,0.01,,12.994270060391582,-0.23958411877889474,-1.813050685999876,1.7360827727047454,2.696871539506809,0.9920924121395611,0.3428498236694848,0.0331122256468242
2024-01-09,0.465,0.535,0.465,0.023,0.345,-0.07,,,,,0,0,0,0,0.0,,8.708530067199403,-1.3753576359192115,-4.285739993192179,-1.1357735171403167,4.010267151591371,1.3888578604438562,0.3174403825545767,-0.025409441114908116
2024-01-10,0.55,0.45,0.455,0.0175,0.345,0.1,,,,,0,0,0,0,0.17,,21.97225298075724,1.7424899124817954,13.263722913557837,3.1178475484010066,3.7977305261508074,1.3344036583591743,0.32107083577540196,0.0036304532208252804
2024-01-11,0.57,0.43,0.465,0.0165,0.345,0.1399999999999999,,,,,0,0,0,0,0.0399999999999999,,11.18451021701781,3.5878925635922827,-10.78774276373943,1.8454026511104873,2.7331204050924134,1.005443961991744,0.26904836369004514,-0.05202247208535682
2024-01-12,0.52,0.48,0.475,0.015,0.345,0.04,,,,,0,0,0,0,-0.0999999999999999,,14.810281576158886,-1.445551708083681,3.6257713591410763,-5.033444271675964,3.9344783587446934,1.3697783085951822,0.23254242922182913,-0.03650593446821601
2024-01-13,0.52,0.48,0.485,0.014,0.355,0.04,,,,,0,0,0,0,0.0,,10.968534676309996,5.8309681892136505,-3.8417468998488893,7.276519897297332,3.8654792485876732,1.3520856713996503,0.2608273178802771,0.028284888658447943
2024-01-14,0.51,0.49,0.485,0.0135,0.355,0.02,,,,,0,0,0,0,-0.02,,5.740410968558466,-2.215043453749255,-5.22812370775153,-8.046011642962906,3.3466269049641726,1.207952944538093,0.2336443943699131,-0.02718292351036397
2024-01-15,0.505,0.495,0.475,0.012,0.355,0.01,,,,Iowa Caucuses,0,0,0,0,-0.01,,5.7454902724037655,-2.8854715319693303,0.005079303845299421,-0.6704280782200751,3.463321615435127,1.2422281330210736,0.21016246451292875,-0.023481929856984357
2024-01-16,0.505,0.495,0.475,0.012,0.355,0.01,,,,,0,0,0,0,0.0,,8.675726301372773,3.0452771837501693,2.9302360289690075,5.930748715719499,3.1832436328560325,1.1579006872671087,0.21201168530873332,0.0018492207958045737
2024-01-17,0.505,0.495,0.485,0.0145,0.355,0.01,,,,,0,0,0,0,0.0,,7.3687614226237566,2.1291567349073395,-1.3069648787490165,-0.9161204488428298,2.6754956943383066,0.9841346694755733,0.2349243409544985,0.022912655645765168
2024-01-18,0.505,0.495,0.485,0.0145,0.365,0.01,,,,,0,0,0,0,0.0,,11.39695366323578,1.7102995426303877,4.028192240612024,-0.41885719227695173,3.1050363202850786,1.1330254126713213,0.20482567196515813,-0.030098668989340355
2024-01-19,0.505,0.495,0.485,0.014,0.365,0.01,,,,,0,0,0,0,0.0,,7.779359677453382,1.7208637731606997,-3.617593985782399,0.010564230530311969,3.8156732397710744,1.3391171209288601,0.10257902202287825,-0.10224664994227989
2024-01-20,0.505,0.495,0.485,0.016,0.365,0.01,,,,,0,0,0,0,0.0,,6.317978651923063,0.11938306788271344,-1.4613810255303186,-1.6014807052779862,2.6277516145455144,0.9661285811424164,0.08018363942822973,-0.022395382594648516
2024-01-21,0.505,0.495,0.485,0.0165,0.365,0.01,,,,,0,0,0,0,0.0,,15.005507447972722,-2.0931359287145788,8.687528796049659,-2.212518996597292,3.1307138711935583,1.1412610524109288,0.12039972717539141,0.04021608774716168
2024-01-22,0.505,0.495,0.485,0.017,0.365,0.01,,,,,0,0,0,0,0.0,,9.987094554741256,0.33951139548431586,-5.018412893231465,2.4326473241988946,3.2376243479996982,1.1748398349366183,0.13413778279826674,0.013738055622875334
2024-01-23,0.52,0.48,0.545,0.012,0.38,0.04,,,,,0,0,0,0,0.03,,12.725040029681379,-1.0929042787802792,2.7379454749401226,-1.432415674264595,3.456609666545787,1.2402882435277578,0.17709196016990914,0.042954177371642394
2024-01-24,0.525,0.475,0.545,0.0095,0.385,0.05,,,,,0,0,0,0,0.01,,7.10839235938661,3.187799333544378,-5.616647670294769,4.280703612324658,4.040677909429887,1.3964124772601534,0.14573109650337962,-0.031360863666529515
2024-01-25,0.525,0.475,0.545,0.0095,0.385,0.05,,,,,0,0,0,0,0.0,,9.211800756859791,0.3823565462446534,2.1034083974731814,-2.8054427872997247,3.1910198372705283,1.160340563908099,0.09961324202590724,-0.04611785447747238
2024-01-26,0.525,0.475,0.545,0.009,0.385,0.05,,,,,0,0,0,0,0.0,,11.242141157675546,-1.3137429919812789,2.0303404008157546,-1.6960995382259323,3.202760342112426,1.1640130448842876,0.11724549997494485,0.01763225794903761
2024-01-27,0.52,0.48,0.545,0.009,0.385,0.04,,,,,0,0,0,0,-0.01,,8.122912377748326,-0.20346460413248357,-3.1192287799272194,1.1102783878487954,3.799630923516209,1.3349039366248925,0.12793749960587206,0.010691999630927207
2024-01-28,0.52,0.48,0.545,0.009,0.385,0.04,,,,,0,0,0,0,0.0,,12.171585773606415,1.6323286356890612,4.0486733958580885,1.8357932398215446,3.3829690423785834,1.2187537388192444,0.14043506672310174,0.012497567117229685
2024-01-29,0.52,0.48,0.545,0.0085,0.385,0.04,,,,,0,0,0,0,0.0,,9.313237507506928,-0.8093113820099372,-2.858348266099487,-2.4416400176989983,3.0530230003753833,1.1161322474208524,0.17156844000177227,0.031133373278670523
2024-01-30,0.52,0.48,0.545,0.0085,0.385,0.04,,,,,0,0,0,0,0.0,,10.312782480108517,-1.4555509889160785,0.9995449726015888,-0.6462396069061412,3.406455434972144,1.2256722887952534,0.18689546111911348,0.015327021117341216
2024-01-31,0.52,0.48,0.545,0.0075,0.375,0.04,,,,,0,0,0,0,0.0,,9.457488009900487,1.2092180287297807,-0.8552944702080296,2.664769017645859,2.950965248839807,1.082132319829047,0.20151055699653814,0.014615095877424655
2024-02-01,0.52,0.48,0.525,0.0075,0.365,0.04,,,,,0,0,0,0,0.0,,16.8962067346748,1.212416427771807,7.438718724774311,0.0031983990420263453,3.016343502499855,1.1040453370621572,0.22518810905562428,0.023677552059086143
2024-02-02,0.52,0.48,0.525,0.0065,0.365,0.04,,,,,0,0,0,0,0.0,,11.377651850952399,-0.6673579384278244,-5.5185548837224,-1.8797743661996313,3.5115944842921705,1.2560702033579445,0.24213278638540073,0.016944677329776447
2024-02-03,0.52,0.48,0.525,0.0075,0.355,0.04,,,,,0,0,0,0,0.0,,8.325776385608386,-0.577595764045807,-3.051875465344013,0.08976217438201739,3.4049042044303013,1.2252168054113817,0.26947417254114187,0.027341386155741138
2024-02-04,0.515,0.485,0.525,0.0075,0.355,0.03,,,,,0,0,0,0,-0.01,,14.6492916211621,1.0301248433940908,6.323515235553714,1.607720607439898,4.161448535736035,1.425863219369412,0.30093768469638216,0.03146351215524029
2024-02-05,0.515,0.485,0.525,0.0075,0.355,0.03,,,,,0,0,0,0,0.0,,8.003843911439432,-3.1702108537433107,-6.645447709722667,-4.200335697137401,3.3456218134925075,1.2076525697249303,0.3476242834631639,0.04668659876678172
2024-02-06,0.515,0.485,0.525,0.0075,0.355,0.03,,,,,0,0,0,0,0.0,,12.379642495507277,-3.068659435941388,4.375798584067844,0.10155141780192256,3.6859496972723154,1.3045282121855242,0.32818417946410605,-0.019440103999057823
2024-02-07,0.515,0.485,0.525,0.0075,0.355,0.03,,,,,0,0,0,0,0.0,,5.962666053292708,-1.34611055313109,-6.416976442214569,1.7225488828102982,3.7766821501064314,1.3288458861267989,0.3429282799944669,0.014744100530360849
2024-02-08,0.515,0.485,0.525,0.0075,0.355,0.03,,,,,0,0,0,0,0.0,,7.9476802116694545,-0.08361787927961817,1.9850141583767469,1.262492673851472,2.8613258074301524,1.0512850864483545,0.331924654736631,-0.01100362525783588
2024-02-09,0.515,0.485,0.525,0.011,0.355,0.03,,,,,0,0,0,0,0.0,,12.615310911994875,1.2272689139950115,4.667630700325421,1.3108867932746295,3.8505660600912055,1.3482201660871667,0.30718901529720355,-0.02473563943942747
2024-02-10,0.515,0.485,0.515,0.017,0.335,0.03,,,,,0,0,0,0,0.0,,14.334532717101467,4.13839054237388,1.7192218051065922,2.9111216283788686,3.136065016604734,1.1429688346089428,0.2871449704353345,-0.02004404486186906
2024-02-11,0.515,0.485,0.525,0.016,0.325,0.03,,,,,0,0,0,0,0.0,,12.729550836936026,2.5941490580050486,-1.6049818801654414,-1.5442414843688317,4.324540587433612,1.4643059121831246,0.3029364614056502,0.015791490970315736
2024-02-12,0.515,0.485,0.525,0.017,0.325,0.03,,,,,0,0,0,0,0.0,,11.966712009086555,0.050153675091432204,-0.7628388278494711,-2.543995382913616,3.1200241056191715,1.1378407279515352,0.3161899911281455,0.013253529722495272
2024-02-13,0.515,0.485,0.535,0.018,0.315,0.03,,,,,0,0,0,0,0.0,,11.510445353259737,0.4024594802432779,-0.456266655826818,0.3523058051518457,3.5332299136000693,1.2622124422857153,0.3287095021383764,0.01251951101023091
2024-02-14,0.525,0.475,0.525,0.021,0.315,0.05,,,,,0,0,0,0,0.02,,9.280169904986694,-1.756323411594522,-2.2302754482730425,-2.1587828918378,3.053748780667046,1.1163699442993678,0.32225745017922075,-0.006452051959155658
2024-02-15,0.525,0.475,0.525,0.02,0.325,0.05,,,,,0,0,0,0,0.0,,10.460053914802112,0.7037171600190253,1.1798840098154173,2.4600405716135474,4.4356311363607634,1.489669913722562,0.32277603096188473,0.0005185807826639799
2024-02-16,0.525,0.475,0.53,0.0205,0.325,0.05,,,,,0,0,0,0,0.0,,11.343383726499562,0.02835340269965525,0.8833298116974504,-0.67536375731937,3.7083708405576408,1.3105926536407233,0.34771697137373797,0.02494094041185324
2024-02-17,0.525,0.475,0.525,0.0215,0.325,0.05,,,,,0,0,0,0,0.0,,16.004234881489676,1.5567964008452237,4.660851154990114,1.5284429981455685,3.86307572130296,1.35146368517543,0.30306942501365275,-0.04464754636008522
2024-02-18,0.525,0.475,0.525,0.0185,0.325,0.05,,,,,0,0,0,0,0.0,,13.973137938093151,-1.3180773588808075,-2.031096943396525,-2.8748737597260314,3.0856923600384887,1.1267760600664791,0.3045126465913055,0.0014432215776527535
2024-02-19,0.525,0.475,0.535,0.0185,0.325,0.05,,,,,0,0,0,0,0.0,,7.764416412737299,2.0483662856029308,-6.208721525355852,3.3664436444837382,4.125255705350391,1.417128007041247,0.3078936413362396,0.003380994744934085
2024-02-20,0.525,0.475,0.545,0.018,0.325,0.05,,,,,0,0,0,0,0.0,,14.138873970765102,4.581847282506445,6.374457558027803,2.533480996903514,3.3305670325788292,1.2031425695500522,0.33112436478852547,0.023230723452285884
2024-02-21,0.525,0.475,0.545,0.0165,0.325,0.05,,,,,0,0,0,0,0.0,,12.126284393988195,0.478099628857856,-2.0125895767769073,-4.103747653648589,4.378338436741495,1.4766693000739282,0.2909000469584128,-0.040224317830112655
2024-02-22,0.525,0.475,0.545,0.0155,0.325,0.05,,,,,0,0,0,0,0.0,,11.367491185644404,1.7542793052473535,-0.7587932083437909,1.2761796763894975,3.3546680149235244,1.2103528131947605,0.336640558619559,0.04574051166114618
2024-02-23,0.525,0.475,0.545,0.0145,0.32,0.05,,,,,0,0,0,0,0.0,,15.351821740558782,2.475359979277781,3.9843305549143775,0.7210806740304276,3.3488433985019146,1.2086150320444966,0.34324986297312093,0.00660930435356194
2024-02-24,0.525,0.475,0.535,0.015,0.325,0.05,,,,,0,0,0,0,0.0,,16.73012998332276,-0.2530511797145907,1.3783082427639801,-2.7284111589923716,3.133639856082497,1.142195222232465,0.3513485314293722,0.00809866845625129
2024-02-25,0.525,0.475,0.535,0.0155,0.325,0.05,,,,,0,0,0,0,0.0,,16.553106441581676,1.3102312045260418,-0.17702354174108592,1.5632823842406325,3.803068184232373,1.3358081578499197,0.33928691073796485,-0.012061620691407371
2024-02-26,0.525,0.475,0.535,0.0155,0.325,0.05,,,,,0,0,0,0,0.0,,11.365537729725247,0.7814810019544871,-5.187568711856429,-0.5287502025715547,3.958529394435791,1.3758725912518486,0.3555882777208007,0.016301366982835852
2024-02-27,0.525,0.475,0.525,0.0165,0.335,0.05,,,,,0,0,0,0,0.0,,13.081260495958704,0.9941902463720793,1.7157227662334567,0.2127092444175922,3.2262767742317857,1.17132877088701,0.3569430750634819,0.00135479734268118
2024-02-28,0.525,0.475,0.525,0.0165,0.325,0.05,,,,,0,0,0,0,0.0,,15.130172049511154,-1.1825244596386661,2.0489115535524505,-2.1767147060107455,4.307596265086207,1.4603800374200742,0.3931083872607236,0.03616531219724173
2024-02-29,0.535,0.465,0.525,0.0165,0.325,0.07,,,,,0,0,0,0,0.0199999999999999,,18.392271906131825,1.1112754356473569,3.2620998566206705,2.293799895286023,3.8409727668255025,1.3457256592124942,0.3492169340099043,-0.043891453250819334
2024-03-01,0.535,0.465,0.525,0.0165,0.325,0.07,41.73985,39.72335,2.0164999999999935,,0,0,0,0,0.0,,12.959133174743648,2.2949957281136237,-5.433138731388176,1.1837202924662669,3.964502020398066,1.377380253352602,0.35449505489647093,0.005278120886566651
2024-03-02,0.535,0.465,0.525,0.0175,0.325,0.07,41.9831,39.55785,2.4252499999999984,,0,0,0,0,0.0,0.4087500000000048,13.972456993929132,4.677859019487604,1.0133238191854836,2.3828632913739805,3.8560790735978463,1.3496508831764866,0.36668299952434663,0.012187944627875702
2024-03-03,0.535,0.465,0.535,0.0175,0.325,0.07,42.18145,39.74865,2.4328000000000003,,0,0,0,0,0.0,0.0075500000000019,11.34495990502806,3.4481770652130175,-2.6274970889010714,-1.2296819542745867,3.8132379538403685,1.3384786848659358,0.3608415827005887,-0.005841416823757939
2024-03-04,0.545,0.455,0.535,0.019,0.325,0.09,42.20815,39.98665,2.221500000000006,,0,0,0,0,0.02,-0.2112999999999942,12.411623033865286,6.732956143778891,1.0666631288372255,3.2847790785658733,4.068851207095587,1.4033607009131468,0.3485389842608685,-0.012302598439720203
2024-03-05,0.515,0.485,0.535,0.019,0.315,0.03,42.2282,40.06815,2.1600499999999982,Super Tuesday,0,0,0,0,-0.06,-0.0614500000000077,20.975840045855342,-1.4683689072201238,8.564217011990056,-8.201325050999014,3.479686257738143,1.2469421338997297,0.33767218112789427,-0.010866803132974223
2024-03-06,0.515,0.485,0.535,0.0165,0.325,0.03,42.1781,39.844350000000006,2.333749999999995,,0,0,0,0,0.0,0.1736999999999966,19.146738453366055,2.6308015918016956,-1.8291015924892875,4.099170499021819,3.537290013285001,1.2633609010053497,0.3430962764920107,0.005424095364116421
2024-03-07,0.515,0.485,0.535,0.0175,0.325,0.03,42.4368,40.4148,2.0219999999999985,,0,0,0,0,0.0,-0.3117499999999964,15.003474532974135,0.9083550143458793,-4.14326392039192,-1.7224465774558162,4.574783871690081,1.520559456450948,0.28890106531520937,-0.05419521117680132
2024-03-08,0.505,0.495,0.535,0.0175,0.315,0.01,42.5659,40.4915,2.074399999999997,,0,0,0,0,-0.02,0.0523999999999986,19.573315585539927,5.624507333044181,4.569841052565792,4.716152318698302,4.719120917957777,1.5516225360561013,0.3187679981673781,0.029866932852168737
2024-03-09,0.515,0.485,0.535,0.019,0.335,0.03,42.504450000000006,40.420199999999994,2.0842500000000115,,0,0,0,0,0.02,0.0098500000000143,17.792557243341165,-1.5707457133878788,-1.7807583421987623,-7.19525304643206,3.8778876369494464,1.3552905819162786,0.3048325221639919,-0.013935476003386182
2024-03-10,0.515,0.485,0.535,0.0195,0.335,0.03,42.43655,40.3694,2.067149999999998,,0,0,0,0,0.0,-0.0171000000000134,13.71893737299836,-1.6493046054519402,-4.073619870342805,-0.07855889206406141,3.742149276764822,1.3196601192969564,0.3093441152525355,0.004511593088543597
2024-03-11,0.515,0.485,0.515,0.0195,0.345,0.03,42.39735,40.58465,1.8126999999999995,,0,0,0,0,0.0,-0.2544499999999985,16.886841113376917,-1.0484816136100554,3.1679037403785575,0.6008229918418848,4.320271888261768,1.4633183373731944,0.3209670215273895,0.011622906274853961
2024-03-12,0.515,0.485,0.515,0.0195,0.345,0.03,42.36545,40.87845,1.487000000000002,,0,0,0,0,0.0,-0.3256999999999976,20.56682693308232,-4.8597393107745175,3.6799858197054043,-3.811257697164462,3.98574489407818,1.3827242192603422,0.30562835458508997,-0.015338666942299517
2024-03-13,0.515,0.485,0.515,0.018,0.345,0.03,42.5302,41.02545,1.5047500000000014,,0,0,0,0,0.0,0.0177499999999994,15.997002498897846,-0.8643875542019026,-4.569824434184476,3.9953517565726147,3.429224068482976,1.232334016485275,0.30236277705634373,-0.003265577528746233
2024-03-14,0.525,0.475,0.515,0.017,0.365,0.05,42.8018,41.01185,1.7899499999999977,,0,0,0,0,0.02,0.2851999999999961,22.151870661815373,-1.147831653884245,6.154868162917527,-0.2834440996823424,3.644003257318376,1.2930828732827064,0.24202012818173346,-0.06034264887461027
2024-03-15,0.525,0.475,0.515,0.0165,0.365,0.05,42.66935,40.756,1.9133500000000012,,0,0,0,0,0.0,0.1234000000000037,8.553854484265868,1.125984466190519,-13.598016177549505,2.273816120074764,4.502490573371512,1.5046307044225868,0.26560353447899965,0.023583406297266185
2024-03-16,0.525,0.475,0.515,0.0165,0.365,0.05,42.6967,40.86875,1.8279500000000013,,0,0,0,0,0.0,-0.0853999999999999,19.035633840426772,1.6043899394428986,10.481779356160905,0.4784054732523797,4.435803186216491,1.4897087011045103,0.2992715514714796,0.033668016992479954
2024-03-17,0.525,0.475,0.515,0.0165,0.375,0.05,42.79375,41.1169,1.6768500000000015,,0,0,0,0,0.0,-0.1510999999999995,16.989585969901743,5.440427098039716,-2.0460478705250296,3.8360371585968167,3.5070726290641048,1.2547816806852867,0.2490026716412448,-0.050268879830234814
2024-03-18,0.525,0.475,0.515,0.018,0.375,0.05,42.59755,41.165,1.432549999999999,,0,0,0,0,0.0,-0.2443000000000026,15.991618609087856,3.126059595465126,-0.9979673608138864,-2.31436750257459,3.8185237400072727,1.339863892429836,0.23832284526573827,-0.010679826375506518
2024-03-19,0.525,0.475,0.515,0.018,0.375,0.05,42.49955,41.41235,1.0871999999999955,,0,0,0,0,0.0,-0.3453500000000034,17.325791962808623,-0.6922591391560078,1.3341733537207663,-3.8183187346211334,3.8514392210633632,1.348446902097861,0.20310192123952775,-0.03522092402621052
2024-03-20,0.525,0.475,0.515,0.0165,0.375,0.05,42.606750000000005,41.6192,0.987550000000006,,0,0,0,0,0.0,-0.0996499999999898,11.251340627278532,-1.4960366783708947,-6.074451335530091,-0.8037775392148869,4.532051541134649,1.511174715813944,0.19997318277631265,-0.003128738463215097
2024-03-21,0.525,0.475,0.515,0.0165,0.375,0.05,42.663799999999995,41.76315,0.9006499999999917,,0,0,0,0,0.0,-0.0869000000000141,16.720233964195707,1.9797979287662644,5.468893336917175,3.475834607137159,3.573286715886283,1.2734858209621012,0.2216826750762968,0.021709492299984146
2024-03-22,0.525,0.475,0.515,0.0155,0.385,0.05,42.7997,41.619600000000005,1.180099999999996,,0,0,0,0,0.0,0.2794500000000042,18.61744993522548,-2.5505830175516055,1.8972159710297731,-4.5303809463178695,3.7195145779883294,1.3135931699824386,0.2532267019278511,0.03154402685155433
2024-03-23,0.525,0.475,0.515,0.0155,0.385,0.05,42.79205,41.651700000000005,1.140349999999998,,0,0,0,0,0.0,-0.0397499999999979,22.148313164132595,5.328646914635884,3.5308632289071156,7.87922993218749,4.7829781836788,1.5650634034665156,0.28833389708173884,0.035107195153887716
2024-03-24,0.525,0.475,0.495,0.0155,0.405,0.05,42.72425,41.75045,0.9737999999999972,,0,0,0,0,0.0,-0.1665500000000008,16.32999134101629,3.6986003018032174,-5.818321823116307,-1.630046612832667,3.87079421066926,1.353459708381613,0.32857520336627916,0.04024130628454031
2024-03-25,0.525,0.475,0.495,0.015,0.405,0.05,42.7237,41.9477,0.7760000000000034,,0,0,0,0,0.0,-0.1977999999999937,15.631140309254388,-0.422939130261762,-0.698851031761901,-4.12153943206498,4.602089622684079,1.5265104661484634,0.322224191962118,-0.0063510114041611665
2024-03-26,0.525,0.475,0.495,0.015,0.405,0.05,42.7509,41.49825,1.2526500000000027,,0,0,0,0,0.0,0.4766499999999993,16.724813322329084,-3.532836322727195,1.0936730130746959,-3.109897192465433,4.0003572402090075,1.3863836671842371,0.28823207022068303,-0.033992121741434955
2024-03-27,0.525,0.475,0.495,0.016,0.405,0.05,43.17425,41.16105,2.0131999999999977,,0,0,0,0,0.0,0.760549999999995,21.15139446720893,4.134680935413533,4.426581144879847,7.667517258140728,3.812476425679165,1.3382789584859969,0.28572088015813374,-0.0025111900625492956
2024-03-28,0.525,0.475,0.495,0.016,0.415,0.05,43.126549999999995,41.104600000000005,2.0219499999999897,,0,0,0,0,0.0,0.008749999999992,19.568181597289325,0.4636503868684553,-1.5832128699196062,-3.6710305485450774,4.048421859183614,1.3983271407804405,0.305683092024869,0.019962211866735247
2024-03-29,0.525,0.475,0.495,0.016,0.415,0.05,43.1686,40.97725,2.19135,,0,0,0,0,0.0,0.1694000000000102,17.171020524832993,3.8445407799336544,-2.3971610724563313,3.380890393065199,4.7875304948947095,1.5660147241772788,0.2695300522168702,-0.03615303980799878
2024-03-30,0.525,0.475,0.485,0.016,0.415,0.05,43.1695,41.02015,2.1493499999999983,,0,0,0,0,0.0,-0.0420000000000015,20.480105289121447,-3.2360691469859177,3.3090847642884533,-7.080609926919572,5.008257943643432,1.6110881387899691,0.32054121003706443,0.05101115782019422
2024-03-31,0.525,0.475,0.485,0.0165,0.415,0.05,43.111149999999995,40.97625,2.1348999999999947,,0,0,0,0,0.0,-0.0144500000000036,19.413162799995973,-0.7484375573844322,-1.0669424891254735,2.4876315896014853,4.990742145613348,1.607584625280548,0.3479197480493187,0.02737853801225426
2024-04-01,0.525,0.475,0.485,0.0165,0.415,0.05,43.11725,41.01185,2.105399999999996,,0,0,0,0,0.0,-0.0294999999999987,22.211113966196713,0.7631092492954579,2.7979511662007397,1.51154680667989,4.362002067317434,1.472931141717297,0.34175393677563903,-0.0061658112736796555
2024-04-02,0.525,0.475,0.485,0.0165,0.415,0.05,42.5894,41.1208,1.468599999999995,,0,0,0,0,0.0,-0.6368000000000009,17.38388665609703,0.8674514844118552,-4.827227310099683,0.10434223511639729,4.789283583341934,1.56638083517254,0.3205514698116672,-0.021202466963971822
2024-04-03,0.525,0.475,0.485,0.0145,0.415,0.05,42.6111,41.606449999999995,1.0046500000000052,,0,0,0,0,0.0,-0.4639499999999898,18.693541008463153,-0.3751636786981092,1.309654352366124,-1.2426151631099644,4.115675483684831,1.4148029722213895,0.3009195653311129,-0.019631904480554296
2024-04-04,0.525,0.475,0.475,0.0175,0.435,0.05,42.544,41.8209,0.7230999999999952,,0,0,0,0,0.0,-0.2815500000000099,18.68829557948307,2.307124830868747,-0.0052454289800820675,2.682288509566856,4.2690772396245515,1.4513977007544632,0.3038819582651509,0.002962392934037994
2024-04-05,0.525,0.475,0.465,0.0165,0.435,0.05,42.538799999999995,41.79745,0.7413499999999971,,0,0,0,0,0.0,0.0182500000000018,15.663775422613018,-1.9190510734564858,-3.0245201568700537,-4.226175904325233,5.195128812240021,1.6477214196701648,0.2976916508092631,-0.0061903074558878335
2024-04-06,0.525,0.475,0.465,0.015,0.445,0.05,42.4438,41.7926,0.6512000000000029,,0,0,0,0,0.0,-0.0901499999999941,21.133985564922405,0.39405128744676626,5.470210142309387,2.313102360903252,3.891509651038797,1.3587971674447579,0.32699135870560286,0.02929970789633979
2024-04-07,0.525,0.475,0.465,0.015,0.445,0.05,42.4859,41.7135,0.7723999999999975,,0,0,0,0,0.0,0.1211999999999946,21.22169589932651,1.050739079279747,0.08771033440410392,0.6566877918329808,4.021762898322406,1.3917203384249055,0.31704721347593995,-0.009944145229662915
2024-04-08,0.525,0.475,0.465,0.0155,0.435,0.05,42.37085,41.6784,0.6924499999999938,,0,0,0,0,0.0,-0.0799500000000037,20.6483733695555,2.0360970851468725,-0.5733225297710085,0.9853580058671254,4.226933898933917,1.4414768836421579,0.33270655959214557,0.01565934611620562
2024-04-09,0.525,0.475,0.465,0.0155,0.445,0.05,42.3762,41.7184,0.6577999999999946,,0,0,0,0,0.0,-0.0346499999999991,20.125368810326258,2.529037195222224,-0.5230045592292427,0.49294011007535143,3.9766177459138747,1.380431645416475,0.3320982146730173,-0.0006083449191282564
2024-04-10,0.525,0.475,0.465,0.0155,0.445,0.05,42.3208,41.65795,0.6628499999999988,,0,0,0,0,0.0,0.0050500000000042,16.78070625515107,-2.0616052295946723,-3.344662555175187,-4.590642424816896,4.230797466779372,1.4423905017146967,0.3404568221748342,0.008358607501816884
2024-04-11,0.515,0.485,0.455,0.014,0.435,0.03,42.315650000000005,41.1903,1.1253500000000043,,0,0,0,0,-0.02,0.4625000000000057,21.164158648893952,-3.3852854268390553,4.383452393742882,-1.323680197244383,4.855140928648066,1.5800381288499206,0.3336982767743202,-0.0067585454005140155
2024-04-12,0.515,0.485,0.455,0.0145,0.445,0.03,42.3073,41.0993,1.2079999999999984,,0,0,0,0,0.0,0.0826499999999939,20.39881191165778,3.6441920547462727,-0.7653467372361717,7.029477481585328,4.634758542198575,1.5335841032053157,0.355174268860194,0.021475992085873807
2024-04-13,0.515,0.485,0.455,0.0145,0.435,0.03,42.23175,41.26865,0.9630999999999972,,0,0,0,0,0.0,-0.2449000000000012,19.222566086192668,1.2807850299489791,-1.176245825465113,-2.3634070247972936,5.363780733173602,1.6796690870995108,0.3767728572359934,0.02159858837579942
2024-04-14,0.515,0.485,0.455,0.0135,0.435,0.03,42.1612,41.32225,0.8389500000000041,,0,0,0,0,0.0,-0.1241499999999931,21.349561696949557,-1.421216341391384,2.1269956107568895,-2.702001371340363,5.273197753420353,1.6626369628643334,0.3901691351521178,0.01339627791612441
2024-04-15,0.515,0.485,0.455,0.0135,0.435,0.03,42.09495,41.29655,0.7983999999999938,,0,0,0,0,0.0,-0.0405500000000103,23.251167798564452,4.327879938806308,1.9016061016148953,5.7490962801976915,4.58212495711599,1.5221628549636803,0.4077920279393212,0.01762289278720336
2024-04-16,0.515,0.485,0.455,0.0135,0.445,0.03,41.7217,41.15195,0.5697499999999991,,0,0,0,0,0.0,-0.2286499999999947,27.904741773583552,0.7391865857321467,4.6535739750191,-3.588693353074161,4.481007360909786,1.4998478784962042,0.3785940841939398,-0.02919794374538137
2024-04-17,0.515,0.485,0.445,0.0115,0.445,0.03,41.8524,41.0121,0.8403000000000063,,0,0,0,0,0.0,0.2705500000000072,22.97865581774484,3.398242960159566,-4.926085955838712,2.6590563744274194,4.6839903618435255,1.5441503880569076,0.3878625458183001,0.009268461624360291
2024-04-18,0.515,0.485,0.445,0.0095,0.445,0.03,42.08,41.09835,0.9816499999999948,,0,0,0,0,0.0,0.1413499999999885,23.43787838351673,0.6187962035252723,0.45922256577188847,-2.7794467566342935,5.022579462123195,1.613943638810906,0.4247706606556516,0.03690811483735151
2024-04-19,0.515,0.485,0.425,0.011,0.445,0.03,42.0234,41.006,1.017400000000002,,0,0,0,0,0.0,0.0357500000000072,22.653757907127876,5.601869812204968,-0.7841204763888534,4.983073608679696,4.5620230774936665,1.517766182484576,0.43839123775640176,0.013620577100750153
2024-04-20,0.515,0.485,0.425,0.0105,0.435,0.03,41.92285,40.90445,1.0183999999999995,,0,0,0,0,0.0,0.0009999999999976,17.33421118293937,4.838352106108011,-5.3195467241885055,-0.7635177060969571,5.1190463310825205,1.6329681582417785,0.40614384410601,-0.032247393650391754
2024-04-21,0.515,0.485,0.435,0.01,0.435,0.03,41.766099999999994,40.7681,0.9979999999999976,,0,0,0,0,0.0,-0.0204000000000021,23.225970260114803,-0.17241037119768376,5.891759077175433,-5.010762477305694,4.819940108392779,1.5727615023406583,0.40380869115494733,-0.00233515295106268
2024-04-22,0.515,0.485,0.435,0.01,0.435,0.03,41.31325,41.0376,0.2756499999999988,,0,0,0,0,0.0,-0.7223499999999987,23.70274463991413,2.8789273773858888,0.4767743797993269,3.0513377485835727,5.056996899001254,1.6207728088884932,0.41425089893781436,0.01044220778286703
2024-04-23,0.515,0.485,0.435,0.01,0.435,0.03,41.3512,41.002849999999995,0.3483500000000035,,0,0,0,0,0.0,0.0727000000000046,31.129874750258775,2.063439873962869,7.427130110344645,-0.8154875034230198,4.906322791257963,1.5905247388732666,0.39056514994679786,-0.023685748991016498
2024-04-24,0.515,0.485,0.435,0.01,0.435,0.03,41.5679,41.0099,0.5579999999999998,,0,0,0,0,0.0,0.2096499999999963,23.3827094430373,3.871578893830872,-7.747165307221476,1.808139019868003,4.717141420489247,1.551202984876499,0.3492085367958953,-0.041356613150902555
2024-04-25,0.485,0.515,0.425,0.01,0.445,-0.03,41.4012,40.97165,0.4295500000000061,,0,0,0,0,-0.06,-0.1284499999999937,28.68562508273443,-2.8623086514502614,5.3029156396971295,-6.733887545281133,5.721534986651408,1.7442371237008159,0.3397374726908611,-0.009471064105034233
2024-04-26,0.505,0.495,0.425,0.01,0.445,0.01,41.6405,40.90305,0.7374500000000026,,0,0,0,0,0.04,0.3078999999999965,26.69958255922278,1.8651286499960982,-1.9860425235116494,4.7274373014463595,5.467777977424472,1.6988723140549822,0.3176664383614671,-0.022071034329394
2024-04-27,0.505,0.495,0.435,0.0115,0.445,0.01,41.69375,40.938100000000006,0.7556499999999957,,0,0,0,0,0.0,0.0181999999999931,21.121959990837464,2.7960612171239694,-5.577622568385316,0.9309325671278712,4.556154884076412,1.5164790406340536,0.317722770844346,5.633248287895132e-05
2024-04-28,0.505,0.495,0.435,0.0115,0.445,0.01,41.7778,40.7557,1.0221000000000018,,0,0,0,0,0.0,0.266450000000006,28.282277561346962,-4.2468487160577855,7.160317570509498,-7.042909933181755,5.672404057763195,1.735613023956888,0.2704647898567922,-0.04725798098755385
2024-04-29,0.505,0.495,0.435,0.012,0.445,0.01,41.9097,40.7324,1.1773000000000025,,0,0,0,0,0.0,0.1552000000000006,27.336959391692666,-2.808146281664438,-0.9453181696542963,1.4387024343933477,5.124666574552159,1.6340654642840988,0.288598849885025,0.018134060028232812
2024-04-30,0.505,0.495,0.435,0.0115,0.435,0.01,41.5424,40.80200000000001,0.740399999999994,,0,0,0,0,0.0,-0.4369000000000085,27.683140881772964,-4.948080444400251,0.34618149008029775,-2.139934162735813,5.759266086501995,1.7508100510519027,0.2704817160779489,-0.01811713380707608
2024-05-01,0.505,0.495,0.445,0.012,0.445,0.01,41.6244,40.7971,0.827300000000001,,0,0,0,0,0.0,0.086900000000007,22.812298429901585,-0.5235170861113941,-4.870842451871379,4.424563358288856,5.641238466047536,1.7301036275830926,0.3015470574372203,0.031065341359271414
2024-05-02,0.505,0.495,0.455,0.0115,0.445,0.01,41.432500000000005,40.7732,0.6593000000000018,,0,0,0,0,0.0,-0.1679999999999992,29.98078794833485,1.9438556394899051,7.168489518433265,2.467372725601299,5.103393128242095,1.6299056377666938,0.29396688638177065,-0.007580171055449669
2024-05-03,0.475,0.525,0.455,0.0115,0.445,-0.05,41.664100000000005,40.68525,0.9788500000000012,,0,0,0,0,-0.06,0.3195499999999995,25.4003220020146,3.00589263024007,-4.580465946320249,1.062036990750165,4.523493168434406,1.5092845202436345,0.2940457116945095,7.882531273883941e-05
2024-05-04,0.475,0.525,0.465,0.0115,0.445,-0.05,41.69825,40.7074,0.9908500000000018,,0,0,0,0,0.0,0.0120000000000004,28.00144011091414,-0.5647630489505621,2.601118108899538,-3.570655679190632,4.917120221001582,1.5927230382024076,0.28969397965818433,-0.004351732036325162
2024-05-05,0.475,0.525,0.465,0.0115,0.445,-0.05,41.7371,40.604600000000005,1.1324999999999932,,0,0,0,0,0.0,0.1416499999999914,33.04875034512438,3.3215388639282297,5.047310234210244,3.8863019128787917,5.3509687228794585,1.6772776142138712,0.2699537792603034,-0.019740200397880936
2024-05-06,0.475,0.525,0.465,0.0115,0.435,-0.05,41.5151,40.537000000000006,0.9780999999999906,,0,0,0,0,0.0,-0.1544000000000025,23.743807688087667,-4.200253645537229,-9.304942657036715,-7.521792509465459,5.51324579881802,1.707153523924375,0.3453228564395786,0.07536907717927521
2024-05-07,0.475,0.525,0.465,0.0115,0.435,-0.05,41.4646,40.507099999999994,0.9575000000000032,,0,0,0,0,0.0,-0.0205999999999875,25.256072809932554,-5.008456098387887,1.5122651218448873,-0.808202452850658,4.974468525575654,1.6043185358739096,0.3305170282527664,-0.014805828186812198
2024-05-08,0.475,0.525,0.465,0.012,0.435,-0.05,41.38345,40.6826,0.7008500000000026,,0,0,0,0,0.0,-0.2566500000000005,27.49498317353385,-0.8888692472415469,2.2389103636012955,4.11958685114634,4.8213767125728415,1.5730595122945623,0.3615149185029447,0.030997890250178295
2024-05-09,0.475,0.525,0.455,0.011,0.445,-0.05,41.3381,40.59165,0.7464499999999958,,0,0,0,0,0.0,0.0455999999999932,25.92817656704056,0.21016362234826813,-1.5668066064932908,1.099032869589815,5.889540256439729,1.7731779396832184,0.3285333263434987,-0.032981592159446016
2024-05-10,0.485,0.515,0.445,0.0115,0.445,-0.03,41.3267,40.58345,0.7432500000000033,,0,0,0,0,0.02,-0.0031999999999925,24.230696708357183,-0.5317368702352328,-1.6974798586833764,-0.7419004925835009,6.138646792288178,1.8146043257336595,0.34001926818114103,0.011485941837642344
2024-05-11,0.485,0.515,0.445,0.0115,0.445,-0.03,41.25175,40.6987,0.5530499999999989,,0,0,0,0,0.0,-0.1902000000000043,28.13396609041326,-5.618605250099692,3.9032693820560773,-5.086868379864459,5.4755733637107715,1.7002969941848305,0.354535144076379,0.01451587589523795
2024-05-12,0.485,0.515,0.445,0.0115,0.445,-0.03,41.25005,40.58635,0.6636999999999986,,0,0,0,0,0.0,0.1106499999999996,24.988460574152853,-0.672800098781971,-3.145505516260407,4.945805151317721,4.96964717016029,1.603348845669033,0.3537418076022894,-0.0007933364740895787
2024-05-13,0.485,0.515,0.445,0.0115,0.445,-0.03,41.2075,40.341750000000005,0.8657499999999985,,0,0,0,0,0.0,0.2020499999999998,29.844745655132876,-3.711173751262133,4.856285080980022,-3.038373652480162,5.145774601658192,1.63817591221201,0.33655553889906786,-0.01718626870322154
2024-05-14,0.505,0.495,0.51,0.0125,0.435,0.01,41.27055,40.338899999999995,0.9316500000000048,,0,0,0,0,0.04,0.0659000000000062,28.315792141337457,1.8241813720750961,-1.5289535137954182,5.535355123337229,4.790179857903825,1.56656795934082,0.32885754873716294,-0.007697990161904922
2024-05-15,0.505,0.495,0.485,0.013,0.435,0.01,41.3969,40.4222,0.9747000000000056,,0,0,0,0,0.0,0.0430500000000009,33.5754621275243,1.0664956152421206,5.2596699861868395,-0.7576857568329756,6.159416790213348,1.8179820961498692,0.31707600044691187,-0.011781548290251076
2024-05-16,0.505,0.495,0.495,0.0095,0.425,0.01,41.3293,40.3239,1.0054000000000016,,0,0,0,0,0.0,0.0306999999999959,26.82898846624099,-2.199699465818388,-6.746473661283307,-3.2661950810605087,4.990064097406296,1.6074487548525311,0.3896306488952719,0.07255464844836002
2024-05-17,0.505,0.495,0.495,0.011,0.415,0.01,41.4015,40.36709999999999,1.034400000000005,,0,0,0,0,0.0,0.0290000000000034,28.46714638217312,-1.1346672933417339,1.6381579159321298,1.0650321724766543,5.70377488764648,1.7411282166330773,0.3883580964784982,-0.0012725524167736535
2024-05-18,0.515,0.485,0.505,0.011,0.415,0.03,41.3689,40.3428,1.0260999999999996,,0,0,0,0,0.02,-0.0083000000000055,33.329956140995314,-2.198033804722379,4.862809758822195,-1.0633665113806452,5.275739172316641,1.6631187969985872,0.40352938839123925,0.015171291912741025
2024-05-19,0.515,0.485,0.515,0.0115,0.415,0.03,41.28605,40.125699999999995,1.1603500000000082,,0,0,0,0,0.0,0.1342500000000086,26.25437390109586,0.29330225681707023,-7.075582239899454,2.4913360615394495,5.721672638313271,1.7442611819310572,0.4561752002781317,0.052645811886892435
2024-05-20,0.53,0.47,0.515,0.0115,0.415,0.06,41.2802,39.85715,1.4230500000000037,,0,0,0,0,0.03,0.2626999999999952,32.688395670759995,3.2878558012530954,6.434021769664135,2.994553544436025,5.893378301068263,1.7738293987840414,0.42829301223473426,-0.027882188043397427
2024-05-21,0.55,0.45,0.54,0.011,0.385,0.1,41.253600000000006,40.0031,1.2505000000000024,,0,0,0,0,0.0399999999999999,-0.1725500000000011,36.78797767147432,-0.9643151158388594,4.099582000714328,-4.252170917091955,6.186794966855604,1.822417176652003,0.42824842404625135,-4.458818848290802e-05
2024-05-22,0.555,0.445,0.545,0.01,0.395,0.11,41.043400000000005,40.148,0.8954000000000022,,0,0,0,0,0.01,-0.3551000000000002,26.506115660022367,2.910116288794611,-10.281862011451956,3.8744314046334702,5.2778408419880245,1.6635170826412446,0.4189991137351159,-0.009249310311135461
2024-05-23,0.545,0.455,0.55,0.01,0.385,0.09,41.18235,40.06415,1.1182000000000016,,0,0,0,0,-0.02,0.2227999999999994,32.74596321394806,0.02435595406889779,6.239847553925692,-2.8857603347257132,5.010821155705481,1.611599805000517,0.41537997366458823,-0.00361914007052766
2024-05-24,0.545,0.455,0.545,0.0095,0.385,0.09,41.36475,39.91255,1.4521999999999975,,0,0,0,0,0.0,0.3339999999999961,32.03668453909445,-0.6321820806558607,-0.7092786748536071,-0.6565380347247585,5.225865819945211,1.6536204912895063,0.40902891504609484,-0.006351058618493388
2024-05-25,0.555,0.445,0.545,0.011,0.375,0.11,41.3912,39.921949999999995,1.4692500000000024,,0,0,0,0,0.02,0.0170500000000046,35.068955474169364,1.3824241001136053,3.032270935074912,2.0146061807694657,6.396866465282814,1.8558082556656017,0.3861871687514969,-0.022841746294597953
2024-05-26,0.555,0.445,0.555,0.0115,0.375,0.11,41.393150000000006,39.89645,1.496700000000004,,0,0,0,0,0.0,0.0274500000000017,28.080559571405352,-0.9381058060484353,-6.988395902764012,-2.3205299061620406,6.384065597155909,1.8538051353384377,0.39150666977012344,0.005319501018626549
2024-05-27,0.555,0.445,0.555,0.0105,0.375,0.11,41.37225,39.93745,1.4348000000000027,,0,0,0,0,0.0,-0.0619000000000014,28.099438827754764,0.2658767366320447,0.018879256349411122,1.20398254268048,5.99583265133133,1.7910646697993793,0.3590050864010885,-0.032501583369034914
2024-05-28,0.555,0.445,0.555,0.0115,0.365,0.11,41.31805,39.92705,1.3909999999999982,,0,0,0,0,0.0,-0.0438000000000045,33.89750043621972,-1.3446947314721212,5.798061608464959,-1.6105714681041658,6.027061036467567,1.7962595016219467,0.3885364922243427,0.029531405823254198
2024-05-29,0.565,0.435,0.565,0.01,0.365,0.1299999999999999,41.03045,39.8368,1.1936500000000052,,0,0,0,0,0.0199999999999999,-0.197349999999993,34.6949649487797,6.861812832290972,0.7974645125599764,8.206507563763093,6.150503430502312,1.8165339370864546,0.4066577390406157,0.018121246816272973
2024-05-30,0.565,0.435,0.565,0.01,0.365,0.1299999999999999,41.2411,39.52615,1.7149500000000018,Trump NY Verdict,0,0,0,0,0.0,0.5212999999999965,33.62929081122166,2.0381588799293198,-1.065674137558041,-4.823653952361652,5.442757632334965,1.6942858501371065,0.39100398846408596,-0.015653750576529735
2024-05-31,0.565,0.435,0.535,0.01,0.39,0.1299999999999999,41.03765,39.6777,1.3599499999999978,,0,0,0,0,0.0,-0.355000000000004,34.19242240106501,0.20068623001853503,0.5631315898433513,-1.8374726499107847,6.578160252609361,1.8837551093748561,0.37703942899590887,-0.013964559468177096
2024-06-01,0.555,0.445,0.545,0.0125,0.385,0.11,40.98425,39.8003,1.183950000000003,,0,0,0,0,-0.0199999999999999,-0.1759999999999948,32.589731357026935,2.1849497768355546,-1.6026910440380746,1.9842635468170196,5.861628767719323,1.7684275116786727,0.3848991544314178,0.007859725435508946
2024-06-02,0.555,0.445,0.535,0.0125,0.385,0.11,40.99435,39.82875,1.1655999999999975,,0,0,0,0,0.0,-0.0183500000000051,34.404754670136214,1.3691798757729259,1.815023313109279,-0.8157699010626287,5.83520015341238,1.7639085673631305,0.36041930764676106,-0.024479846784656756
2024-06-03,0.555,0.445,0.535,0.0135,0.375,0.11,41.06815,39.703500000000005,1.3646499999999977,,0,0,0,0,0.0,0.1990499999999997,34.86685744921685,1.0975760011669435,0.462102779080638,-0.27160387460598234,6.065976743158057,1.8026955752923495,0.41462242175610575,0.0542031141093447
2024-06-04,0.565,0.435,0.535,0.014,0.365,0.1299999999999999,41.0455,39.6556,1.3898999999999972,,0,0,0,0,0.0199999999999999,0.0252499999999997,33.32568872071334,3.4854167501085613,-1.5411687285035143,2.387840748941618,5.385245115505727,1.6836628277721937,0.42439085729051723,0.00976843553441148
2024-06-05,0.565,0.435,0.555,0.0145,0.375,0.1299999999999999,40.96865,39.75525,1.2134,,0,0,0,0,0.0,-0.1764999999999972,40.148624064269676,3.843769275118261,6.822935343556338,0.3583525250096997,5.591505069663234,1.7212484941589015,0.4350728889726698,0.010682031682152593
2024-06-06,0.565,0.435,0.555,0.018,0.355,0.1299999999999999,41.0704,39.913,1.1574000000000026,,0,0,0,0,0.0,-0.0559999999999973,36.25680959048402,0.6237471309736797,-3.891814473785658,-3.2200221441445813,6.476501881337497,1.8681805314748907,0.45424014804879836,0.01916725907612854
2024-06-07,0.565,0.435,0.545,0.0145,0.345,0.1299999999999999,40.96295,39.8786,1.0843500000000006,,0,0,0,0,0.0,-0.073050000000002,31.54686151855074,0.5104543983882983,-4.709948071933276,-0.11329273258538142,5.52110820834306,1.7085786025199232,0.4352926476059643,-0.018947500442834053
2024-06-08,0.565,0.435,0.555,0.0145,0.335,0.1299999999999999,40.94225,39.86065,1.0816000000000017,,0,0,0,0,0.0,-0.0027499999999989,37.37734306272096,1.2623707571208884,5.830481544170219,0.7519163587325901,6.329184153263464,1.845171342109235,0.46668355734541805,0.03139090973945374
2024-06-09,0.565,0.435,0.555,0.0145,0.335,0.1299999999999999,41.06105,39.99285,1.0682000000000045,,0,0,0,0,0.0,-0.0133999999999971,32.77199466973454,-3.804802911838964,-4.605348392986421,-5.067173668959852,5.820112194922836,1.7613195390356888,0.4683693049717007,0.001685747626282652
2024-06-10,0.565,0.435,0.555,0.0155,0.335,0.1299999999999999,41.01355,40.0134,1.000150000000005,,0,0,0,0,0.0,-0.0680499999999995,38.34709633860217,-1.8379776554963816,5.575101668867632,1.9668252563425823,6.06375097998061,1.8023285821902402,0.49509812952709015,0.02672882455538944
2024-06-11,0.565,0.435,0.565,0.0155,0.335,0.1299999999999999,40.93045,40.0048,0.9256499999999974,,0,0,0,0,0.0,-0.0745000000000075,39.75287571469283,5.3671856686113095,1.4057793760906563,7.205163324107691,5.940653410755597,1.7818191291355046,0.4869830637871339,-0.00811506573995624
2024-06-12,0.565,0.435,0.555,0.0135,0.34,0.1299999999999999,40.9197,40.00105,0.9186499999999996,,0,0,0,0,0.0,-0.0069999999999978,34.10773028959185,6.062419283753208,-5.645145425100978,0.6952336151418983,6.0690130786240575,1.8031960018397069,0.5244466646322625,0.03746360084512862
2024-06-13,0.565,0.435,0.565,0.0115,0.345,0.1299999999999999,40.97945,40.04815,0.9313000000000002,,0,0,0,0,0.0,0.0126500000000007,39.754033942565805,1.3274099011090525,5.646303652973955,-4.735009382644155,6.642049747611798,1.8934206127807365,0.5338702734735223,0.009423608841259812
2024-06-14,0.565,0.435,0.565,0.014,0.345,0.1299999999999999,41.12235,40.062,1.0603499999999997,,0,0,0,0,0.0,0.1290499999999994,38.39781492857528,3.3913924076394144,-1.3562190139905255,2.063982506530362,6.037225775116177,1.797944597676547,0.5965874300967321,0.06271715662320976
2024-06-15,0.565,0.435,0.565,0.014,0.335,0.1299999999999999,41.12695,40.004999999999995,1.121950000000005,,0,0,0,0,0.0,0.0616000000000056,39.9226557558015,2.7281253863588386,1.524840827226221,-0.6632670212805758,6.469297640647645,1.8670675463060262,0.5818029701406142,-0.014784459956117879
2024-06-16,0.565,0.435,0.565,0.0145,0.325,0.1299999999999999,41.1708,40.03425,1.1365499999999995,,0,0,0,0,0.0,0.0145999999999943,43.44529215198792,9.647202021138092,3.522636396186421,6.919076634779254,6.361998671780763,1.85034258455308,0.5844624074712274,0.0026594373306131347
2024-06-17,0.565,0.435,0.565,0.015,0.335,0.1299999999999999,40.91045,40.18815,0.722299999999997,,0,0,0,0,0.0,-0.4142500000000026,37.3186198619148,4.748937278586441,-6.126672290073124,-4.8982647425516515,6.671746859959989,1.897881723683202,0.5499981839530542,-0.03446422351817313
2024-06-18,0.565,0.435,0.565,0.015,0.335,0.1299999999999999,40.84695,40.2367,0.6102500000000006,,0,0,0,0,0.0,-0.1120499999999964,36.09487809030387,1.630206021298082,-1.223741771610925,-3.118731257288359,7.10988616716299,1.961486233442679,0.5311192640673719,-0.018878919885682355
2024-06-19,0.565,0.435,0.565,0.0145,0.335,0.1299999999999999,40.84195,40.25445,0.5874999999999986,,0,0,0,0,0.0,-0.022750000000002,35.990275337546684,-0.4388511015010659,-0.104602752757188,-2.0690571227991477,6.831985302991802,1.9216153052825207,0.5469630715417985,0.015843807474426597
2024-06-20,0.565,0.435,0.565,0.016,0.325,0.1299999999999999,40.46175,40.561800000000005,-0.100050000000003,,0,0,0,0,0.0,-0.6875500000000017,36.515547798220275,-2.0661158006439324,0.525272460673591,-1.6272646991428665,6.084107228928603,1.8056799989834489,0.5778883585948565,0.03092528705305808
2024-06-21,0.565,0.435,0.565,0.0155,0.335,0.1299999999999999,40.49005,40.6726,-0.1825500000000062,,0,0,0,0,0.0,-0.0825000000000031,39.03725986112569,2.458659089668056,2.521712062905415,4.524774890311988,5.837124526668197,1.7642383000129662,0.6634203437675553,0.08553198517269878
2024-06-22,0.565,0.435,0.565,0.0205,0.335,0.1299999999999999,40.4789,40.7451,-0.2661999999999977,,0,0,0,0,0.0,-0.0836499999999915,40.59903189724611,0.05912313678923997,1.5617720361204164,-2.399535952878816,6.212482469175736,1.826560569555705,0.6558201714123454,-0.007600172355209933
2024-06-23,0.575,0.425,0.575,0.0145,0.345,0.1499999999999999,40.63115,40.9633,-0.3321499999999986,,0,0,0,0,0.02,-0.0659500000000008,41.91408235056782,-1.3056342739941869,1.3150504533217102,-1.3647574107834268,6.740523051605017,1.9081375260088733,0.6232364666117922,-0.03258370480055317
2024-06-24,0.595,0.405,0.575,0.0145,0.345,0.1899999999999999,40.7074,40.8352,-0.1278000000000005,,0,0,0,0,0.0399999999999999,0.204349999999998,45.075415036408835,1.2335677893936816,3.1613326858410176,2.5392020633878687,5.953947563435914,1.7840544556075264,0.6417376924239325,0.01850122581214031
2024-06-25,0.585,0.415,0.585,0.014,0.345,0.1699999999999999,40.6892,40.85065,-0.1614500000000021,,0,0,0,0,-0.0199999999999999,-0.0336500000000015,41.74414603045462,-0.15387000903598969,-3.331269005954212,-1.3874377984296713,6.650343599194494,1.894668522384767,0.6035268104225344,-0.038210882001398105
2024-06-26,0.595,0.405,0.595,0.013,0.335,0.1899999999999999,41.03555,40.931349999999995,0.1042000000000058,,0,0,0,0,0.0199999999999999,0.2656500000000079,46.3784357635922,7.067854087681409,4.634289733137578,7.221724096717399,6.830126349206537,1.9213431725633539,0.6166522299069985,0.013125419484464107
2024-06-27,0.605,0.395,0.595,0.014,0.335,0.2099999999999999,41.076899999999995,40.9069,0.1699999999999946,First Presidential Debate,1,0,0,0,0.02,0.0657999999999887,122.53797271545494,23.354099392373627,76.15953695186275,16.286245304692216,16.300599862523168,2.7912019085173516,0.5975847749725698,-0.01906745493442874
2024-06-28,0.605,0.395,0.605,0.011,0.325,0.2099999999999999,41.33175,40.61855,0.7132000000000005,,0,0,0,0,0.0,0.5432000000000059,49.6079753085571,3.130068396708455,-72.92999740689784,-20.22403099566517,7.149612531957886,1.9670581639029514,0.600218852459393,0.0026340774868232053
2024-06-29,0.625,0.375,0.625,0.0345,0.21,0.25,41.50435,40.43545,1.0688999999999993,,0,0,0,0,0.04,0.3556999999999988,46.04140777181336,7.449860347225066,-3.56656753674374,4.319791950516611,6.182455448435395,1.8217155143115131,0.6291969527374421,0.028978100278049146
2024-06-30,0.625,0.375,0.625,0.0285,0.215,0.25,41.71665,40.380849999999995,1.335800000000006,,0,0,0,0,0.0,0.2669000000000068,39.511282731236754,3.943420769119046,-6.530125040576607,-3.50643957810602,6.164660124587364,1.8188330052648694,0.6216869955739597,-0.007509957163482461
2024-07-01,0.615,0.385,0.615,0.0515,0.185,0.2299999999999999,41.78045,40.4044,1.376049999999999,,0,0,0,0,-0.02,0.0402499999999932,40.389837767091024,1.2967894966793394,0.8785550358542693,-2.6466312724397065,7.173713284826613,1.9704234124383664,0.645598063170209,0.02391106759624928
2024-07-02,0.63,0.37,0.66,0.0445,0.225,0.26,41.8454,40.226600000000005,1.6187999999999931,,0,0,0,0,0.03,0.2427499999999938,45.97110100352956,7.707810193174144,5.581263236438538,6.411020696494804,6.8542249149536545,1.9248652380516915,0.6673588486812303,0.02176078551102134
2024-07-03,0.655,0.345,0.65,0.0965,0.165,0.31,42.0912,39.76065,2.3305500000000023,,0,0,0,0,0.05,0.7117500000000092,45.37587099120705,5.997275109211647,-0.59523001232251,-1.7105350839624966,7.173230195127819,1.970356068519482,0.606668520101739,-0.060690328579491304
2024-07-04,0.63,0.37,0.615,0.155,0.125,0.26,42.079350000000005,39.7,2.3793500000000023,,0,0,0,0,-0.05,0.0487999999999999,48.5122419789108,1.3068846141838595,3.1363709877037493,-4.6903904950277875,6.822586917896707,1.9202387134087917,0.5757704699191457,-0.030898050182593284
2024-07-05,0.625,0.375,0.605,0.201,0.085,0.25,42.20855,39.6897,2.5188500000000005,,0,0,0,0,-0.01,0.1394999999999981,45.715338557040894,3.2741533047909797,-2.7969034218699065,1.9672686906071202,6.569748700748615,1.88247558225945,0.5255297070284943,-0.05024076289065138
2024-07-06,0.62,0.38,0.605,0.1595,0.115,0.24,42.0873,39.8079,2.2794000000000025,,0,0,0,0,-0.01,-0.2394499999999979,44.403926656287744,1.410954366538106,-1.31141190075315,-1.8631989382528737,7.458679083187729,2.0093783319407095,0.5829488744989709,0.057419167470476595
2024-07-07,0.635,0.365,0.625,0.1385,0.14,0.27,42.153499999999994,39.88805,2.265449999999994,,0,0,0,0,0.03,-0.0139500000000083,43.610220971990074,0.5930006725891599,-0.7937056842976702,-0.817953693948946,7.4591093810366225,2.0094360211685793,0.5762928836183666,-0.006655990880604312
2024-07-08,0.625,0.375,0.625,0.1305,0.145,0.25,42.03315,39.73095,2.302199999999999,,0,0,0,0,-0.02,0.0367500000000049,41.33564871143578,6.065443868829103,-2.2745722605542937,5.472443196239944,7.332070011840291,1.992257878737146,0.6263233667530904,0.0500304831347238
2024-07-09,0.625,0.375,0.605,0.0605,0.185,0.25,42.0822,39.94540000000001,2.136799999999994,,0,0,0,0,0.0,-0.1654000000000053,43.671631831817514,8.523541601175326,2.3359831203817336,2.458097732346223,6.728362330089533,1.906331775276683,0.5731899478355346,-0.05313341891755585
2024-07-10,0.625,0.375,0.625,0.0905,0.175,0.25,42.2196,40.1172,2.102400000000003,,0,0,0,0,0.0,-0.0343999999999908,47.91275594200069,0.25358106545214687,4.241124110183179,-8.269960535723179,7.2356893092571095,1.9790256298032096,0.5526590458815458,-0.020530901953988767
2024-07-11,0.625,0.375,0.625,0.1545,0.1,0.25,42.3894,40.24585,2.1435500000000047,,0,0,0,0,0.0,0.0411500000000017,46.31961876546341,5.157423091726427,-1.593137176537283,4.90384202627428,6.922081997056817,1.9347165910049986,0.5736341074463018,0.020975061564756037
2024-07-12,0.635,0.365,0.6,0.186,0.12,0.27,42.3345,40.4585,1.8759999999999977,,0,0,0,0,0.02,-0.267550000000007,43.47529281773284,2.4233935771954327,-2.8443259477305673,-2.7340295145309943,6.548351055903328,1.879213270763186,0.5756578339674078,0.0020237265211059396
2024-07-13,0.625,0.375,0.595,0.1455,0.155,0.25,42.2635,40.3237,1.9397999999999984,Trump Assassination Attempt,0,1,0,0,-0.02,0.0638000000000005,160.56861575176802,30.53218654058826,117.09332293403517,28.108792963392826,18.51192812664919,2.9184152879161904,0.5882587632423004,0.012600929274892647
2024-07-14,0.68,0.32,0.675,0.086,0.15,0.36,42.3072,40.40445,1.9027500000000048,,0,0,0,0,0.11,-0.0370499999999935,54.44297969506292,3.9190151894028267,-106.1256360567051,-26.613171351185432,6.6771555179114594,1.8986920761892496,0.5470706347798682,-0.04118812846243225
2024-07-15,0.74,0.26,0.695,0.056,0.175,0.48,42.426,40.20955,2.216450000000002,Republican National Convention,0,0,0,0,0.1199999999999999,0.3136999999999972,51.574799160886734,5.040023075800459,-2.868180534176183,1.1210078863976323,7.927876028744194,2.0703851597641787,0.585418680044538,0.03834804526466984
2024-07-16,0.715,0.285,0.705,0.0615,0.175,0.43,42.343500000000006,40.3048,2.0387000000000057,,0,0,0,0,-0.0499999999999999,-0.177749999999996,50.82827861229702,6.571304069862068,-0.7465205485897144,1.5312809940616088,7.202199225716714,1.9743864273984717,0.6051978827165886,0.019779202672050578
2024-07-17,0.695,0.305,0.685,0.0585,0.185,0.3899999999999999,42.33905,40.30155,2.0375000000000014,,0,0,0,0,-0.04,-0.0012000000000043,50.2838477742012,3.7726247089724043,-0.5444308380958205,-2.7986793608896634,6.841638471008298,1.9230272454937973,0.6134186796405839,0.008220796923995355
2024-07-18,0.705,0.295,0.675,0.1345,0.115,0.41,43.34035,40.08265,3.2577,,0,0,0,0,0.02,1.2201999999999984,45.823814145856986,6.826142064449597,-4.460033628344213,3.0535173554771924,7.407616756415611,2.002508762260449,0.588899091013521,-0.024519588627062938
2024-07-19,0.625,0.375,0.615,0.226,0.0445,0.25,43.463,40.2365,3.2265000000000015,,0,0,0,0,-0.1599999999999999,-0.0311999999999983,59.07097424209221,3.6244047263771577,13.247160096235227,-3.201737338072439,7.935087897298216,2.0712944310812573,0.5950296084764966,0.006130517462975549
2024-07-20,0.665,0.335,0.645,0.1855,0.067,0.33,43.516000000000005,40.29955,3.216450000000002,,0,0,0,0,0.08,-0.0100499999999996,55.226235176579536,4.352629882833976,-3.8447390655126767,0.7282251564568183,7.754987637650786,2.0483362025138576,0.5826094649795444,-0.012420143496952196
2024-07-21,0.66,0.34,0.64,0.1825,0.0695,0.32,43.4648,40.22535,3.239449999999998,Biden Withdrawal & Endorsement,0,0,1,0,-0.01,0.0229999999999961,151.94068569996733,-21.468909155103994,96.7144505233878,-25.82153903793797,19.035425903534552,2.946301764342991,0.5296055867037184,-0.05300387827582598
2024-07-22,0.635,0.365,0.63,0.2915,0.0005,0.27,43.4648,40.22535,3.239449999999998,,0,0,0,0,-0.0499999999999999,0.0,55.601968066065844,2.608071673579169,-96.3387176339015,24.076980828683162,7.707018987212514,2.042131470424911,0.5253988173515179,-0.004206769352200435
2024-07-23,0.625,0.375,0.625,0.3235,0.0005,0.25,43.4648,40.22535,3.239449999999998,,0,0,0,0,-0.02,0.0,46.8579619502909,5.63847806456439,-8.744006115774944,3.0304063909852212,7.788470867420171,2.052644546316614,0.5180659231445695,-0.007332894206948493
2024-07-24,0.615,0.385,0.605,0.3705,0.0005,0.2299999999999999,44.0377,44.87105,-0.8333499999999958,,0,0,0,0,-0.02,-4.072799999999994,48.529279929454404,4.7022929690609505,1.6713179791635042,-0.9361850955034399,8.055138175750209,2.0863101705165956,0.5474169795936545,0.02935105644908509
2024-07-25,0.63,0.37,0.625,0.3215,0.0005,0.26,44.2427,44.632850000000005,-0.3901500000000055,,0,0,0,0,0.03,0.4431999999999902,53.841021350795685,1.4561118880036226,5.3117414213412815,-3.246181081057328,7.187211796666964,1.9723033074644973,0.4774229316303237,-0.06999404796333086
2024-07-26,0.625,0.375,0.615,0.347,0.0005,0.25,43.92505,44.15055,-0.2255000000000038,,0,0,0,0,-0.01,0.1646500000000017,52.99180806875991,3.9983307635730645,-0.8492132820357767,2.542218875569442,7.578288535354843,2.025287387268081,0.48256758252150983,0.005144650891186153
2024-07-27,0.6,0.4,0.585,0.3975,0.0005,0.1999999999999999,43.91775,44.216750000000005,-0.2990000000000066,,0,0,0,0,-0.05,-0.0735000000000027,55.751500778401876,4.8784678084294715,2.7596927096419677,0.880137044856407,7.207482596333513,1.9751197358668755,0.44591202734051566,-0.03665555518099417
2024-07-28,0.585,0.415,0.575,0.394,0.0005,0.1699999999999999,44.078050000000005,44.2969,-0.2188499999999962,,0,0,0,0,-0.0299999999999999,0.0801500000000103,64.921831208928,-1.6235132028034305,9.170330430526121,-6.5019810112329015,8.38876364351207,2.126893148894839,0.45405004719627434,0.008138019855758682
2024-07-29,0.595,0.405,0.585,0.393,0.0005,0.1899999999999999,43.97495,44.4071,-0.43215,,0,0,0,0,0.0199999999999999,-0.2133000000000038,54.83495748556435,4.208400480949836,-10.086873723363645,5.831913683753266,8.355019511471015,2.12286249734936,0.4637176981556494,0.009667650959375051
2024-07-30,0.595,0.405,0.595,0.38,0.0005,0.1899999999999999,43.6301,44.54535,-0.9152500000000005,,0,0,0,0,0.0,-0.4831000000000003,55.689000982138374,1.1934406026353817,0.8540434965740218,-3.0149598783144542,7.029815081540179,1.950160401286026,0.4594065893694089,-0.0043111087862404696
2024-07-31,0.615,0.385,0.585,0.3855,0.0005,0.2299999999999999,43.5051,44.7176,-1.2124999999999986,,0,0,0,0,0.04,-0.2972499999999982,57.90569505177841,4.876496671482897,2.2166940696400346,3.683056068847516,8.060857298824853,2.08701991548069,0.48198428427320034,0.022577694903791412
2024-08-01,0.585,0.415,0.555,0.417,0.0005,0.1699999999999999,43.65805,44.8696,-1.2115499999999957,,0,0,0,0,-0.06,0.0009500000000031,58.5606155138812,0.6418521086437063,0.654920462102794,-4.234644562839191,8.422261826920302,2.1308784177058353,0.44263153823611134,-0.03935274603708899
2024-08-02,0.555,0.445,0.535,0.4415,0.0005,0.11,43.5577,45.03665,-1.4789500000000046,,0,0,0,0,-0.0599999999999999,-0.2674000000000092,56.02475103833897,-2.862205251661298,-2.5358644755422333,-3.504057360305004,7.3372221378327245,1.9929603156579887,0.4744736786710207,0.03184214043490935
2024-08-03,0.55,0.45,0.525,0.4395,0.0005,0.1,43.573800000000006,45.08025,-1.5064499999999938,,0,0,0,0,-0.01,-0.0274999999999892,56.61294718155675,-2.5688560947079067,0.5881961432177789,0.29334915695339125,7.9503215185720775,2.073212370436144,0.4513642075051311,-0.023109471165889572
2024-08-04,0.555,0.445,0.545,0.4315,0.0005,0.11,43.67085,45.2924,-1.6215499999999992,,0,0,0,0,0.01,-0.1151000000000053,52.384407088838415,1.7702123666534548,-4.228540092718333,4.339068461361362,8.503755280864901,2.140507863681192,0.4031667848778573,-0.048197422627273834
2024-08-05,0.55,0.45,0.515,0.446,0.0005,0.1,43.526700000000005,45.472,-1.945299999999996,,0,0,0,0,-0.01,-0.3237499999999969,54.360631325273104,2.1493062543037045,1.976224236434689,0.37909388765024965,7.21363540033191,1.975973040634669,0.39419740398969516,-0.008969380888162126
2024-08-06,0.555,0.445,0.535,0.437,0.0005,0.11,43.35865,45.0984,-1.7397500000000008,,0,0,0,0,0.01,0.2055499999999952,53.98456085882851,-0.6107915627610216,-0.3760704664445953,-2.760097817064726,8.241114695813497,2.109135613390196,0.33067971724945017,-0.063517686740245
2024-08-07,0.535,0.465,0.515,0.4585,0.0005,0.07,43.4084,45.2648,-1.8564000000000007,,0,0,0,0,-0.04,-0.1166499999999999,57.85719697112243,2.646481146943435,3.872636112293918,3.2572727097044565,7.673349762483591,2.0377532556941764,0.3385947382580945,0.00791502100864433
2024-08-08,0.505,0.495,0.485,0.4915,0.0005,0.01,43.3146,45.4498,-2.1352000000000046,,0,0,0,0,-0.06,-0.2788000000000039,66.12783075436256,-4.003800155672399,8.270633783240136,-6.650281302615834,8.646336425603787,2.1571356966153923,0.33098830390681633,-0.0076064343512781685
2024-08-09,0.505,0.495,0.4915,0.4875,0.0005,0.01,43.43625,45.46235,-2.0260999999999996,,0,0,0,0,0.0,0.109100000000005,50.35569619237518,-0.015199496618291425,-15.772134561987386,3.988600659054108,8.748819137831212,2.1689187355857533,0.36828408698949516,0.037295783082678835
2024-08-10,0.505,0.495,0.476,0.4915,0.0005,0.01,43.445899999999995,45.73955,-2.293650000000006,,0,0,0,0,0.0,-0.267550000000007,58.39126404193621,-2.877540499406141,8.035567849561033,-2.8623410027878498,8.741194730667617,2.168046877198003,0.3874775519998626,0.01919346501036745
2024-08-11,0.47,0.53,0.453,0.515,0.0005,-0.06,43.4492,45.7217,-2.272500000000001,,0,0,0,0,-0.07,0.0211500000000057,56.070681319842386,-2.529590269505398,-2.3205827220938247,0.3479502299007433,8.068752972338372,2.0879989439893083,0.34515549860422434,-0.04232205339563827
2024-08-12,0.465,0.535,0.4555,0.5155,0.0005,-0.07,43.29315,46.0636,-2.770450000000004,,0,0,0,0,-0.0099999999999999,-0.497950000000003,56.27073134425321,-0.931503321708965,0.20005002441082098,1.5980869477964328,8.683205532818901,2.161390761513425,0.32007654139162445,-0.025078957212599895
2024-08-13,0.465,0.535,0.4585,0.512,0.0005,-0.07,43.386,46.09995,-2.713949999999997,,0,0,0,0,0.0,0.0565000000000068,60.73242807654818,-3.201033413209881,4.461696732294975,-2.2695300915009162,8.689748658040886,2.1621440157336895,0.33614532588677637,0.016068784495151922
2024-08-14,0.465,0.535,0.4555,0.5245,0.0005,-0.07,43.5617,46.161100000000005,-2.599400000000003,,0,0,0,0,0.0,0.1145499999999941,58.03881581943809,-2.0113888605745633,-2.6936122571100896,1.1896445526353179,7.934431206312261,2.071211669784958,0.3617655162980258,0.02562019041124941
2024-08-15,0.455,0.545,0.447,0.5335,0.0005,-0.09,43.45145,46.3387,-2.8872500000000016,,0,0,0,0,-0.02,-0.2878499999999988,56.19448984041796,1.1657320230361015,-1.8443259790201338,3.177120883610665,8.7320824146539,2.1670038768765405,0.3982640610001618,0.03649854470213604
2024-08-16,0.445,0.555,0.443,0.539,0.0005,-0.11,43.6663,46.2652,-2.5989000000000004,,0,0,0,0,-0.02,0.2883500000000012,57.664909203434725,-3.092229673807872,1.4704193630167666,-4.2579616968439735,7.577221972787298,2.025146638123573,0.43397537864431984,0.035711317644158025
2024-08-17,0.455,0.545,0.4545,0.5225,0.0005,-0.09,43.69225,46.24205,-2.5497999999999976,,0,0,0,0,0.02,0.0491000000000028,62.23405629566546,0.7392302801628545,4.569147092230736,3.831459953970726,8.449189106620103,2.1340704730506737,0.43003006965721785,-0.003945308987101992
2024-08-18,0.475,0.525,0.4865,0.4975,0.0005,-0.05,43.803,46.441950000000006,-2.6389500000000083,,0,0,0,0,0.0399999999999999,-0.0891500000000107,59.58995125389527,-3.5742671366440453,-2.644105041770189,-4.3134974168069,7.932943605544771,2.07102416545113,0.43970928727989467,0.009679217622676817
2024-08-19,0.485,0.515,0.4835,0.4935,0.0005,-0.03,43.82195,46.6964,-2.874449999999996,Democratic National Convention,0,0,0,0,0.02,-0.2354999999999876,61.61755922857406,0.874510444788207,2.027607974678787,4.448777581432252,7.80199887419893,2.054379966787983,0.4773258030890101,0.03761651580911546
2024-08-20,0.485,0.515,0.486,0.496,0.0005,-0.03,43.83505,46.63975000000001,-2.804700000000004,,0,0,0,0,0.0,0.0697499999999919,60.2933743350736,3.1539215516447507,-1.3241848935004583,2.2794111068565437,7.769868522793341,2.050253243102974,0.4663166621845965,-0.011009140904413628
2024-08-21,0.505,0.495,0.5025,0.481,0.0005,0.01,43.72205,46.97835,-3.256299999999996,,0,0,0,0,0.04,-0.451599999999992,60.991675013028434,-6.029111250318223,0.6983006779548333,-9.183032801962973,8.732233882584792,2.167021222866881,0.47596369786003123,0.009647035675434734
2024-08-22,0.515,0.485,0.5215,0.468,0.0005,0.03,43.5586,47.1866,-3.628,,0,0,0,0,0.02,-0.3717000000000041,68.56946629543594,-1.542238138676192,7.57779128240751,4.486873111642032,8.231046832144935,2.107913203701563,0.4642678190017412,-0.011695878858290043
2024-08-23,0.505,0.495,0.5175,0.4715,0.0005,0.01,43.5972,47.251549999999995,-3.6543499999999938,,0,0,0,0,-0.02,-0.0263499999999936,64.43188864926627,1.59268031795135,-4.1375776461696745,3.134918456627542,8.841889727514218,2.179500623884778,0.44602535828275225,-0.01824246071898894
2024-08-24,0.505,0.495,0.5015,0.484,0.0005,0.01,43.6421,47.214299999999994,-3.572199999999995,,0,0,0,0,0.0,0.0821499999999986,55.648539818409375,-0.3576134651074817,-8.783348830856895,-1.9502937830588318,7.8863506288261,2.065133496656484,0.44603653145708505,1.1173174332801405e-05
2024-08-25,0.495,0.505,0.502,0.4865,0.0005,-0.01,43.661249999999995,47.21525,-3.554000000000002,,0,0,0,0,-0.02,0.0181999999999931,63.87850382377446,0.7778646834282721,8.229964005365083,1.135478148535754,8.294899384103163,2.1156407938645825,0.42396967994504103,-0.022066851512044017
2024-08-26,0.495,0.505,0.4955,0.496,0.0005,-0.01,43.7138,47.109449999999995,-3.3956499999999963,,0,0,0,0,0.0,0.1583500000000057,60.53029096081796,-1.6599629667895512,-3.348212862956501,-2.437827650217823,8.664919637576308,2.1592826487536803,0.4189326555627729,-0.005037024382268107
2024-08-27,0.505,0.495,0.4945,0.4945,0.0005,0.01,43.63965,47.0636,-3.423949999999998,,0,0,0,0,0.02,-0.0283000000000015,66.67079488501005,0.36647446868224975,6.140503924192096,2.026437435471801,9.07555718040673,2.2055847755561757,0.38685001979336736,-0.032082635769405565
2024-08-28,0.505,0.495,0.5035,0.4835,0.0005,0.01,43.5847,47.1546,-3.569900000000004,,0,0,0,0,0.0,-0.1459500000000062,60.93511112158795,-0.23919308848019868,-5.735683763422102,-0.6056675571624485,8.401461685651675,2.128405700907878,0.3805974378809955,-0.0062525819123718795
2024-08-29,0.505,0.495,0.503,0.484,0.0005,0.01,43.6991,47.1613,-3.4621999999999957,,0,0,0,0,0.0,0.1077000000000083,63.36897528604624,3.069455154149518,2.433864164458292,3.3086482426297166,8.896101110405201,2.185613103271559,0.3935901851212564,0.012992747240260893
2024-08-30,0.505,0.495,0.498,0.483,0.0005,0.01,43.7142,47.1153,-3.4010999999999996,,0,0,0,0,0.0,0.0610999999999961,65.62998943032873,0.7860521082530328,2.261014144282491,-2.283403045896485,9.320232252330957,2.232187548165007,0.3752734262582337,-0.018316758863022697
2024-08-31,0.505,0.495,0.4995,0.4855,0.0005,0.01,43.81795,47.06115,-3.2431999999999945,,0,0,0,0,0.0,0.157900000000005,67.11546676580396,0.9940066551880055,1.485477335475224,0.20795454693497262,8.949132320458027,2.1915565801522003,0.37517307744028755,-0.0001003488179461276
2024-09-01,0.505,0.495,0.5025,0.4825,0.0005,0.01,43.81505,47.06225,-3.2471999999999994,,0,0,0,0,0.0,-0.0040000000000048,61.32181506203768,-0.8796924153061684,-5.79365170376628,-1.8736990704941738,8.408918837654483,2.1292929089614514,0.3789757590873212,0.0038026816470336233
2024-09-02,0.525,0.475,0.5085,0.4775,0.0005,0.05,43.8396,47.0768,-3.2372000000000014,,0,0,0,0,0.04,0.009999999999998,66.72503209404185,-0.4690155601812338,5.4032170320041715,0.41067685512493457,8.130292920371913,2.095596952476711,0.3921171694556514,0.01314141036833022
2024-09-03,0.525,0.475,0.5175,0.4705,0.0005,0.05,43.8692,47.038799999999995,-3.1695999999999955,,0,0,0,0,0.0,0.0676000000000058,64.31085871868805,-0.3313954695490522,-2.4141733753537977,0.1376200906321816,9.433122073499524,2.2442271206949234,0.38747801667466014,-0.004639152780991251
2024-09-04,0.525,0.475,0.5115,0.4765,0.0005,0.05,43.87675,47.0408,-3.164049999999996,,0,0,0,0,0.0,0.0055499999999995,64.18419205640815,1.7361303559457422,-0.1266666622799022,2.067525825494794,8.194229643430319,2.1034302045350293,0.41949183668057444,0.032013820005914295
2024-09-05,0.525,0.475,0.5295,0.46,0.0005,0.05,44.08175,47.17165,-3.0899,,0,0,0,0,0.0,0.0741499999999959,71.85035275264846,-0.3024612020506574,7.666160696240311,-2.0385915579963996,9.508799409245336,2.252217623503105,0.3554218932868083,-0.06406994339376615
2024-09-06,0.525,0.475,0.528,0.459,0.0005,0.05,44.168,47.27515,-3.107149999999997,,0,0,0,0,0.0,-0.0172499999999971,68.18006954765994,1.4744371422410323,-3.6702832049885217,1.7768983442916897,9.024643442399674,2.199958995671143,0.44347315030253937,0.08805125701573108
2024-09-07,0.515,0.485,0.5055,0.4775,0.0005,0.03,44.1915,47.27365,-3.0821500000000057,,0,0,0,0,-0.02,0.0249999999999914,64.79492997478545,5.638501996613596,-3.3851395728744933,4.164064854372564,9.674399458708514,2.2694831655380168,0.41593704012687577,-0.027536110175663597
2024-09-08,0.515,0.485,0.5,0.4755,0.0005,0.03,44.325050000000005,47.13745,-2.8123999999999967,,0,0,0,0,0.0,0.269750000000009,70.54494708187698,2.627811758579231,5.750017107091537,-3.010690238034365,9.498602123824103,2.2511446429190074,0.42704968522559494,0.011112645098719176
2024-09-09,0.535,0.465,0.513,0.464,0.0005,0.07,44.3757,47.2247,-2.8489999999999966,,0,0,0,0,0.0399999999999999,-0.0365999999999999,76.9729301595247,0.23494116958039724,6.42798307764771,-2.3928705889988335,9.83202684686609,2.285645102820023,0.39773990264103554,-0.029309782584559407
2024-09-10,0.535,0.465,0.5225,0.4605,0.0005,0.07,44.3919,47.0902,-2.6983000000000033,Second Presidential Debate,1,0,0,0,0.0,0.1506999999999934,152.72027755274203,4.053034805409862,75.74734739321734,3.8180936358294644,23.061768141384764,3.1381761875903273,0.41635184888669907,0.018611946245663535
2024-09-11,0.535,0.465,0.5195,0.464,0.0005,0.07,44.3712,47.0178,-2.6465999999999994,,0,0,0,0,0.0,0.0517000000000038,64.48251090561995,0.029811567446121456,-88.23776664712209,-4.02322323796374,9.555511543539655,2.2571181129980404,0.4236536457312464,0.007301796844547348
2024-09-12,0.505,0.495,0.496,0.4945,0.0005,0.01,44.29815,47.12155,-2.8233999999999995,,0,0,0,0,-0.06,-0.1768,71.606975406977,-4.945311337944634,7.124464501357053,-4.975122905390756,9.04253022687691,2.2019390275951682,0.40302743492492504,-0.020626210806321377
2024-09-13,0.505,0.495,0.491,0.4985,0.0005,0.01,44.29815,47.12155,-2.8233999999999995,,0,0,0,0,0.0,0.0,73.68078464974101,-2.3702157772935104,2.073809242764014,2.575095560651124,9.194420541192455,2.2185968371681124,0.43442464376336054,0.0313972088384355
2024-09-14,0.505,0.495,0.491,0.5005,0.0005,0.01,44.29815,47.12155,-2.8233999999999995,,0,0,0,0,0.0,0.0,68.17873210611302,-4.526979802564639,-5.502052543627997,-2.156764025271128,9.450906933855125,2.2461107087371706,0.4282394477188525,-0.006185196044508068
2024-09-15,0.495,0.505,0.4885,0.5035,0.0005,-0.01,44.29815,47.12155,-2.8233999999999995,,0,0,0,0,-0.02,0.0,73.25620278686873,-1.0287837101032715,5.0774706807557095,3.498196092461367,9.855274279461952,2.288006771720383,0.44348233414477983,0.01524288642592736
2024-09-16,0.495,0.505,0.494,0.496,0.0005,-0.01,44.29815,47.12155,-2.8233999999999995,,0,0,0,0,0.0,0.0,73.4729643401181,-0.10395405202612075,0.21676155324936985,0.9248296580771508,10.05606178962152,2.308175615821726,0.41456530497672706,-0.028917029168052777
2024-09-17,0.495,0.505,0.4945,0.4925,0.0005,-0.01,44.29815,47.12155,-2.8233999999999995,,0,0,0,0,0.0,0.0,68.7939011044388,4.041093280688206,-4.679063235679294,4.145047332714327,9.767592661133534,2.2790700345807218,0.41267019633492874,-0.0018951086417983154
2024-09-18,0.495,0.505,0.4805,0.5005,0.0005,-0.01,44.29815,47.12155,-2.8233999999999995,,0,0,0,0,0.0,0.0,71.82305844097354,0.6673184344104066,3.0291573365347375,-3.3737748462777994,9.277146514124805,2.2275540118120043,0.47183236140536794,0.0591621650704392
2024-09-19,0.485,0.515,0.4675,0.5175,0.0005,-0.03,44.29815,47.12155,-2.8233999999999995,,0,0,0,0,-0.02,0.0,63.90608512293734,-0.9977513220221605,-7.916973318036199,-1.6650697564325672,9.317913360750882,2.2319387152993153,0.4988938418577113,0.027061480452343356
2024-09-20,0.475,0.525,0.4715,0.5125,0.0005,-0.05,44.29815,47.12155,-2.8233999999999995,,0,0,0,0,-0.02,0.0,70.98628649510154,1.3235139529587228,7.080201372164197,2.3212652749808833,9.827700412751632,2.285204971161311,0.5058890568933772,0.006995215035665858
2024-09-21,0.485,0.515,0.479,0.51,0.0005,-0.03,44.29815,47.12155,-2.8233999999999995,,0,0,0,0,0.02,0.0,73.73261588541249,-5.977838272519713,2.7463293903109474,-7.3013522254784355,9.115009240010892,2.2099224218449662,0.4900830962116826,-0.015805960681694542
2024-09-22,0.485,0.515,0.4755,0.512,0.0005,-0.03,44.29815,47.12155,-2.8233999999999995,,0,0,0,0,0.0,0.0,69.9791493658069,0.13903639527141487,-3.753466519605581,6.116874667791127,8.958138582119842,2.192562457873064,0.49000680584475764,-7.629036692496927e-05
2024-09-23,0.475,0.525,0.4695,0.52,0.0005,-0.05,44.29815,47.12155,-2.8233999999999995,,0,0,0,0,-0.02,0.0,80.25321805882501,1.177162984717417,10.274068693018108,1.0381265894460021,9.360011742863989,2.2364465450682,0.49383368346225776,0.003826877617500113
2024-09-24,0.485,0.515,0.4825,0.505,0.0005,-0.03,44.29815,47.12155,-2.8233999999999995,,0,0,0,0,0.02,0.0,71.50035092775896,-4.146465614449604,-8.752867131066054,-5.323628599167021,9.29465516433912,2.229439521436175,0.5051530312579162,0.011319347795658463
2024-09-25,0.485,0.515,0.481,0.503,0.0005,-0.03,44.29815,47.12155,-2.8233999999999995,,0,0,0,0,0.0,0.0,73.7067372159346,2.4093851080173225,2.2063862881756364,6.555850722466927,9.344043978742604,2.2347391327039268,0.4705259205437175,-0.03462711071419872
2024-09-26,0.495,0.505,0.4885,0.5015,0.0005,-0.01,44.29815,47.12155,-2.8233999999999995,,0,0,0,0,0.02,0.0,77.05649174692668,0.6962410187360353,3.3497545309920866,-1.7131440892812873,9.285845371554268,2.2284912376772943,0.4887702705638327,0.018244350020115208
2024-09-27,0.495,0.505,0.4895,0.502,0.0005,-0.01,44.29815,47.12155,-2.8233999999999995,,0,0,0,0,0.0,0.0,80.22679197520847,-1.188219784752003,3.170300228281789,-1.8844608034880383,9.034492177747438,2.2010497163491776,0.45400092355653565,-0.03476934700729706
2024-09-28,0.495,0.505,0.4855,0.5065,0.0005,-0.01,44.29815,47.12155,-2.8233999999999995,,0,0,0,0,0.0,0.0,72.03538953487404,1.4319546652657122,-8.191402440334429,2.620174450017715,9.034148521463106,2.201011677374349,0.5013746852716437,0.0473737617151081
2024-09-29,0.495,0.505,0.4825,0.506,0.0005,-0.01,44.29815,47.12155,-2.8233999999999995,,0,0,0,0,0.0,0.0,80.27377195058742,5.526732144510989,8.238382415713374,4.094777479245277,10.524972884842585,2.3537508033031393,0.47595521532006274,-0.02541946995158101
2024-09-30,0.495,0.505,0.4905,0.5025,0.0005,-0.01,44.29815,47.12155,-2.8233999999999995,,0,0,0,0,0.0,0.0,77.2575844502979,0.3046656376462379,-3.0161875002895187,-5.222066506864751,9.721167014250877,2.2743056744598737,0.48296473668054707,0.007009521360484328
2024-10-01,0.495,0.505,0.4885,0.4965,0.0005,-0.01,44.29815,47.12155,-2.8233999999999995,,0,0,0,0,0.0,0.0,74.72626280093357,0.47055146575084017,-2.5313216493643296,0.16588582810460228,9.692181508728122,2.271319530464445,0.5111245428286794,0.028159806148132294
2024-10-02,0.495,0.505,0.4825,0.4985,0.0005,-0.01,44.29815,47.12155,-2.8233999999999995,,0,0,0,0,0.0,0.0,79.50230062792534,-1.2984022488506102,4.776037826991768,-1.7689537146014502,10.17141277636898,2.3195811164763387,0.5011362733823157,-0.009988269446363662
2024-10-03,0.505,0.495,0.4925,0.4945,0.0005,0.01,44.29815,47.12155,-2.8233999999999995,,0,0,0,0,0.02,0.0,80.35966776178125,-1.9746109236619795,0.8573671338559166,-0.6762086748113694,9.515638968193526,2.2529366522709635,0.5090872298545768,0.007950956472261073
2024-10-04,0.505,0.495,0.4965,0.4955,0.0005,0.01,44.29815,47.12155,-2.8233999999999995,,0,0,0,0,0.0,0.0,77.20963259114069,2.225839541360614,-3.150035170640564,4.200450465022593,10.649582046494393,2.36552064692473,0.5497563678824596,0.040669138027882856
2024-10-05,0.505,0.495,0.4975,0.4925,0.0005,0.01,44.29815,47.12155,-2.8233999999999995,Polymarket Whale Influx (Fredi9999/Théo),0,0,0,1,0.0,0.0,147.1687791656215,-1.9902095647721683,69.9591465744808,-4.2160491061327825,32.343325997195905,3.476407693548375,0.5636921120010208,0.013935744118561133
2024-10-06,0.505,0.495,0.5015,0.4895,0.0005,0.01,44.29815,47.12155,-2.8233999999999995,,0,0,0,1,0.0,0.0,146.25381601547687,0.32891559304848117,-0.9149631501446152,2.3191251578206495,31.425722152447563,3.4476267344015326,0.571153249211236,0.007461137210215241
2024-10-07,0.515,0.485,0.5075,0.4835,0.0005,0.03,44.29815,47.12155,-2.8233999999999995,,0,0,0,1,0.02,0.0,149.40198601552038,-0.7441436169127917,3.148170000043507,-1.073059209961273,32.046003218968224,3.4671724710340457,0.5172923886284536,-0.05386086058278239
2024-10-08,0.535,0.465,0.5395,0.4575,0.0005,0.07,44.29815,47.12155,-2.8233999999999995,,0,0,0,1,0.0399999999999999,0.0,152.700795530233,2.24744956436598,3.298809514712616,2.991593181278772,32.86656474613889,3.492455871905415,0.48677133521682014,-0.03052105341163347
2024-10-09,0.535,0.465,0.529,0.4655,0.0005,0.07,44.29815,47.12155,-2.8233999999999995,,0,0,0,1,0.0,0.0,153.52671491406898,1.8841552632173713,0.8259193838359806,-0.36329430114860894,33.09346896340784,3.4993359506306363,0.5161273690180682,0.02935603380124807
2024-10-10,0.54,0.46,0.5335,0.4605,0.0005,0.08,44.29815,47.12155,-2.8233999999999995,,0,0,0,1,0.01,0.0,146.11076944296178,3.793849860644748,-7.415945471107193,1.909694597427377,32.50618485233758,3.4814303743791934,0.5307339676430387,0.01460659862497049
2024-10-11,0.56,0.44,0.5545,0.4395,0.0005,0.12,44.29815,47.12155,-2.8233999999999995,,0,0,0,1,0.04,0.0,158.48015713874813,0.5249590028631319,12.369387695786344,-3.2688908577816163,32.854138931885046,3.4920777318762766,0.5496669463419454,0.018932978698906644
2024-10-12,0.545,0.455,0.5405,0.455,0.0005,0.09,44.29815,47.12155,-2.8233999999999995,,0,0,0,1,-0.03,0.0,146.08292338362227,0.6753126617665717,-12.397233755125853,0.15035365890343977,32.31373923585608,3.4754925031264694,0.565733850113263,0.016066903771317698
2024-10-13,0.555,0.445,0.5495,0.447,0.0005,0.11,44.29815,47.12155,-2.8233999999999995,,0,0,0,1,0.02,0.0,151.34324905094743,-0.7969092894557686,5.260325667325162,-1.4722219512223402,33.679334531656615,3.5168844306176585,0.6011905382128253,0.03545668809956226
2024-10-14,0.555,0.445,0.5395,0.4545,0.0005,0.11,44.29815,47.12155,-2.8233999999999995,,0,0,0,1,0.0,0.0,152.82426039401193,0.5392668498097215,1.4810113430644947,1.33617613926549,32.66970883047936,3.486448313130023,0.5895806823909793,-0.011609855821846038
2024-10-15,0.555,0.445,0.5505,0.4435,0.0005,0.11,44.29815,47.12155,-2.8233999999999995,,0,0,0,1,0.0,0.0,152.36427480286852,2.59325123261213,-0.45998559114340765,2.0539843828024082,33.86614464099153,3.5224158322135217,0.5896019709187936,2.1288527814355973e-05
2024-10-16,0.575,0.425,0.5765,0.422,0.0005,0.1499999999999999,44.29815,47.12155,-2.8233999999999995,,0,0,0,1,0.0399999999999999,0.0,152.51647615761678,4.142471541613379,0.15220135474825724,1.5492203090012486,33.55658827736333,3.5132332160427793,0.5551477113611392,-0.034454259557654465
2024-10-17,0.595,0.405,0.5855,0.4105,0.0005,0.1899999999999999,44.29815,47.12155,-2.8233999999999995,,0,0,0,1,0.0399999999999999,0.0,154.2247676851588,0.5445866895559348,1.7082915275420305,-3.597884852057444,33.62402005229016,3.5152406940710104,0.5137298181876307,-0.04141789317350841
2024-10-18,0.61,0.39,0.6185,0.3815,0.0005,0.2199999999999999,44.29815,47.12155,-2.8233999999999995,,0,0,0,1,0.03,0.0,153.23597466626063,5.474014800264149,-0.9887930188981784,4.929428110708214,33.611969025937356,3.5148822245475584,0.46196164944717455,-0.0517681687404562
2024-10-19,0.595,0.405,0.5995,0.4005,0.0005,0.1899999999999999,44.29815,47.12155,-2.8233999999999995,,0,0,0,1,-0.03,0.0,153.41400866504506,6.239094647012376,0.1780339987844286,0.7650798467482272,33.319686833111184,3.5061484184883023,0.4337273197354715,-0.028234329711703032
2024-10-20,0.595,0.405,0.6005,0.3985,0.0005,0.1899999999999999,44.29815,47.12155,-2.8233999999999995,,0,0,0,1,0.0,0.0,156.3993162446298,3.8835872580592508,2.9853075795847417,-2.355507388953125,33.369444091671596,3.5076406336994865,0.4790482644041287,0.04532094466865716
2024-10-21,0.6,0.4,0.6065,0.3925,0.0005,0.1999999999999999,44.29815,47.12155,-2.8233999999999995,,0,0,0,1,0.01,0.0,155.99124410522103,7.691989531395164,-0.4080721394087732,3.808402273335913,33.56657497470084,3.513530779415164,0.43053072840358564,-0.04851753600054304
2024-10-22,0.64,0.36,0.649,0.3515,0.0005,0.28,44.29815,47.12155,-2.8233999999999995,,0,0,0,1,0.08,0.0,157.5124363589753,2.2655270022410674,1.5211922537542648,-5.426462529154096,33.646919980298556,3.5159215208554095,0.42021668791021594,-0.010314040493369703
2024-10-23,0.645,0.355,0.6475,0.3515,0.0005,0.29,44.29815,47.12155,-2.8233999999999995,,0,0,0,1,0.01,0.0,158.56221120331614,1.2383632417214572,1.0497748443408454,-1.0271637605196102,34.66827915316177,3.5458251234250313,0.380369077882178,-0.03984761002803794
2024-10-24,0.62,0.38,0.6155,0.3845,0.0005,0.24,44.29815,47.12155,-2.8233999999999995,,0,0,0,1,-0.05,0.0,159.65883464141584,-0.8468006222606972,1.096623438099698,-2.0851638639821544,34.155952740143896,3.530936882397134,0.36188432282384453,-0.01848475505833347
2024-10-25,0.63,0.37,0.641,0.3605,0.0005,0.26,44.29815,47.12155,-2.8233999999999995,,0,0,0,1,0.02,0.0,159.85032414476674,7.640110778722958,0.1914895033509083,8.486911400983654,33.849613452688665,3.5219275798747263,0.36679687175204745,0.00491254892820292
2024-10-26,0.64,0.36,0.6385,0.3605,0.0005,0.28,44.29815,47.12155,-2.8233999999999995,,0,0,0,1,0.02,0.0,159.77670237283752,5.835914140885144,-0.07362177192922559,-1.8041966378378138,35.34880977427621,3.565264722024009,0.3455414424796165,-0.02125542927243096
2024-10-27,0.645,0.355,0.6455,0.353,0.0005,0.29,44.29815,47.12155,-2.8233999999999995,,0,0,0,1,0.01,0.0,155.27818436757852,4.211038322723862,-4.498518005259001,-1.6248758181612821,35.35336248128053,3.565393507515752,0.37829826679291606,0.03275682431329957
2024-10-28,0.655,0.345,0.6495,0.3485,0.0005,0.31,44.29815,47.12155,-2.8233999999999995,,0,0,0,1,0.02,0.0,157.16325447602557,5.349921565799551,1.885070108447053,1.1388832430756892,35.55206096758256,3.5709981283404972,0.42389313641650933,0.04559486962359327
2024-10-29,0.665,0.335,0.6585,0.3415,0.0005,0.33,44.29815,47.12155,-2.8233999999999995,,0,0,0,1,0.0199999999999999,0.0,161.56558040318313,2.136277381754059,4.4023259271575625,-3.2136441840454926,35.78576386237494,3.5775501568443935,0.3553118675285835,-0.06858126888792582
2024-10-30,0.665,0.335,0.6655,0.3345,0.0005,0.33,44.29815,47.12155,-2.8233999999999995,,0,0,0,1,0.0,0.0,160.43598532554162,11.064379949042067,-1.1295950776415111,8.928102567288008,34.68743491881546,3.546377515290564,0.3347424196051211,-0.020569447923462436
2024-10-31,0.655,0.345,0.6475,0.352,0.0005,0.31,44.29815,47.12155,-2.8233999999999995,,0,0,0,1,-0.0199999999999999,0.0,160.22461679766317,4.973052954938069,-0.21136852787844873,-6.091326994103998,35.154364957002606,3.559748791400429,0.33674554697921694,0.002003127374095859
2024-11-01,0.635,0.365,0.6325,0.368,0.0005,0.27,44.29815,47.12155,-2.8233999999999995,,0,0,0,1,-0.04,0.0,162.32302205066398,4.323486986512233,2.0984052530008057,-0.6495659684258364,35.830989130861646,3.578813137155791,0.3707278745549901,0.033982327575773186
2024-11-02,0.575,0.425,0.5825,0.4185,0.0005,0.1499999999999999,44.29815,47.12155,-2.8233999999999995,,0,0,0,1,-0.12,0.0,171.089023345435,4.064416559746729,8.76600129477103,-0.2590704267655033,35.871511077732876,3.579943417161854,0.3567896281820674,-0.013938246372922736
2024-11-03,0.555,0.445,0.5585,0.4415,0.0005,0.11,44.29815,47.12155,-2.8233999999999995,,0,0,0,1,-0.0399999999999999,0.0,161.16757285360478,2.852523079341783,-9.921450491830228,-1.2118934804049464,35.19239162966132,3.560829912356325,0.3560897219019621,-0.0006999062801053002
2024-11-04,0.56,0.44,0.5635,0.435,0.0005,0.12,44.29815,47.12155,-2.8233999999999995,,0,0,0,1,0.01,0.0,163.27110630218962,2.3597100606978283,2.103533448584841,-0.49281301864395477,36.31958360650568,3.5923570890887855,0.32129604932187417,-0.03479367258008792
2024-11-05,0.58,0.42,0.5855,0.4145,0.0005,0.1599999999999999,44.29815,47.12155,-2.8233999999999995,Election Day,0,0,0,1,0.0399999999999999,0.0,163.31203129151524,0.42381386138671884,0.04092498932561739,-1.9358961993111095,35.56699909996699,3.5714182163616246,0.2757427330141757,-0.04555331630769849
2024-11-06,0.575,0.425,0.58,0.4215,0.0005,0.1499999999999999,44.29815,47.12155,-2.8233999999999995,,0,0,0,1,-0.01,0.0,161.95562785909598,3.428670892839988,-1.3564034324192562,3.004857031453269,35.70078680864232,3.575172728000496,0.32021813270645105,0.044475399692275375
