date,poly_rep,poly_dem,poly_trump,poly_harris,poly_biden,poly_margin,poll_trump,poll_dem,poll_margin,event,is_debate,is_assassination,is_biden_exit,is_whale_surge,d_poly_margin,d_poll_margin
2024-01-01,0.465,0.535,,,,-0.07,,,,,0,0,0,0,,
2024-01-02,0.465,0.535,,,,-0.07,,,,,0,0,0,0,0.0,
2024-01-03,0.475,0.525,,,,-0.050000000000000044,,,,,0,0,0,0,0.019999999999999962,
2024-01-04,0.475,0.525,,,,-0.050000000000000044,,,,,0,0,0,0,0.0,
2024-01-05,0.465,0.535,0.5,,0.5,-0.07,,,,,0,0,0,0,-0.019999999999999962,
2024-01-06,0.46,0.54,0.405,0.0315,0.365,-0.08000000000000002,,,,,0,0,0,0,-0.010000000000000009,
2024-01-07,0.46,0.54,0.405,0.027,0.365,-0.08000000000000002,,,,,0,0,0,0,0.0,
2024-01-08,0.465,0.535,0.475,0.024,0.335,-0.07,,,,,0,0,0,0,0.010000000000000009,
2024-01-09,0.465,0.535,0.465,0.023,0.345,-0.07,,,,,0,0,0,0,0.0,
2024-01-10,0.55,0.45,0.455,0.0175,0.345,0.10000000000000003,,,,,0,0,0,0,0.17000000000000004,
2024-01-11,0.57,0.43,0.465,0.0165,0.345,0.13999999999999996,,,,,0,0,0,0,0.039999999999999925,
2024-01-12,0.52,0.48,0.475,0.015,0.345,0.040000000000000036,,,,,0,0,0,0,-0.09999999999999992,
2024-01-13,0.52,0.48,0.485,0.014,0.355,0.040000000000000036,,,,,0,0,0,0,0.0,
2024-01-14,0.51,0.49,0.485,0.0135,0.355,0.020000000000000018,,,,,0,0,0,0,-0.020000000000000018,
2024-01-15,0.505,0.495,0.475,0.012,0.355,0.010000000000000009,,,,Iowa Caucuses,0,0,0,0,-0.010000000000000009,
2024-01-16,0.505,0.495,0.475,0.012,0.355,0.010000000000000009,,,,,0,0,0,0,0.0,
2024-01-17,0.505,0.495,0.485,0.0145,0.355,0.010000000000000009,,,,,0,0,0,0,0.0,
2024-01-18,0.505,0.495,0.485,0.0145,0.365,0.010000000000000009,,,,,0,0,0,0,0.0,
2024-01-19,0.505,0.495,0.485,0.014,0.365,0.010000000000000009,,,,,0,0,0,0,0.0,
2024-01-20,0.505,0.495,0.485,0.016,0.365,0.010000000000000009,,,,,0,0,0,0,0.0,
2024-01-21,0.505,0.495,0.485,0.0165,0.365,0.010000000000000009,,,,,0,0,0,0,0.0,
2024-01-22,0.505,0.495,0.485,0.017,0.365,0.010000000000000009,,,,,0,0,0,0,0.0,
2024-01-23,0.52,0.48,0.545,0.012,0.38,0.040000000000000036,,,,,0,0,0,0,0.030000000000000027,
2024-01-24,0.525,0.475,0.545,0.0095,0.385,0.050000000000000044,,,,,0,0,0,0,0.010000000000000009,
2024-01-25,0.525,0.475,0.545,0.0095,0.385,0.050000000000000044,,,,,0,0,0,0,0.0,
2024-01-26,0.525,0.475,0.545,0.009,0.385,0.050000000000000044,,,,,0,0,0,0,0.0,
2024-01-27,0.52,0.48,0.545,0.009,0.385,0.040000000000000036,,,,,0,0,0,0,-0.010000000000000009,
2024-01-28,0.52,0.48,0.545,0.009,0.385,0.040000000000000036,,,,,0,0,0,0,0.0,
2024-01-29,0.52,0.48,0.545,0.0085,0.385,0.040000000000000036,,,,,0,0,0,0,0.0,
2024-01-30,0.52,0.48,0.545,0.0085,0.385,0.040000000000000036,,,,,0,0,0,0,0.0,
2024-01-31,0.52,0.48,0.545,0.0075,0.375,0.040000000000000036,,,,,0,0,0,0,0.0,
2024-02-01,0.52,0.48,0.525,0.0075,0.365,0.040000000000000036,,,,,0,0,0,0,0.0,
2024-02-02,0.52,0.48,0.525,0.0065,0.365,0.040000000000000036,,,,,0,0,0,0,0.0,
2024-02-03,0.52,0.48,0.525,0.0075,0.355,0.040000000000000036,,,,,0,0,0,0,0.0,
2024-02-04,0.515,0.485,0.525,0.0075,0.355,0.030000000000000027,,,,,0,0,0,0,-0.010000000000000009,
2024-02-05,0.515,0.485,0.525,0.0075,0.355,0.030000000000000027,,,,,0,0,0,0,0.0,
2024-02-06,0.515,0.485,0.525,0.0075,0.355,0.030000000000000027,,,,,0,0,0,0,0.0,
2024-02-07,0.515,0.485,0.525,0.0075,0.355,0.030000000000000027,,,,,0,0,0,0,0.0,
2024-02-08,0.515,0.485,0.525,0.0075,0.355,0.030000000000000027,,,,,0,0,0,0,0.0,
2024-02-09,0.515,0.485,0.525,0.011,0.355,0.030000000000000027,,,,,0,0,0,0,0.0,
2024-02-10,0.515,0.485,0.515,0.017,0.335,0.030000000000000027,,,,,0,0,0,0,0.0,
2024-02-11,0.515,0.485,0.525,0.016,0.325,0.030000000000000027,,,,,0,0,0,0,0.0,
2024-02-12,0.515,0.485,0.525,0.017,0.325,0.030000000000000027,,,,,0,0,0,0,0.0,
2024-02-13,0.515,0.485,0.535,0.018,0.315,0.030000000000000027,,,,,0,0,0,0,0.0,
2024-02-14,0.525,0.475,0.525,0.021,0.315,0.050000000000000044,,,,,0,0,0,0,0.020000000000000018,
2024-02-15,0.525,0.475,0.525,0.02,0.325,0.050000000000000044,,,,,0,0,0,0,0.0,
2024-02-16,0.525,0.475,0.53,0.0205,0.325,0.050000000000000044,,,,,0,0,0,0,0.0,
2024-02-17,0.525,0.475,0.525,0.0215,0.325,0.050000000000000044,,,,,0,0,0,0,0.0,
2024-02-18,0.525,0.475,0.525,0.0185,0.325,0.050000000000000044,,,,,0,0,0,0,0.0,
2024-02-19,0.525,0.475,0.535,0.0185,0.325,0.050000000000000044,,,,,0,0,0,0,0.0,
2024-02-20,0.525,0.475,0.545,0.018,0.325,0.050000000000000044,,,,,0,0,0,0,0.0,
2024-02-21,0.525,0.475,0.545,0.0165,0.325,0.050000000000000044,,,,,0,0,0,0,0.0,
2024-02-22,0.525,0.475,0.545,0.0155,0.325,0.050000000000000044,,,,,0,0,0,0,0.0,
2024-02-23,0.525,0.475,0.545,0.0145,0.32,0.050000000000000044,,,,,0,0,0,0,0.0,
2024-02-24,0.525,0.475,0.535,0.015,0.325,0.050000000000000044,,,,,0,0,0,0,0.0,
2024-02-25,0.525,0.475,0.535,0.0155,0.325,0.050000000000000044,,,,,0,0,0,0,0.0,
2024-02-26,0.525,0.475,0.535,0.0155,0.325,0.050000000000000044,,,,,0,0,0,0,0.0,
2024-02-27,0.525,0.475,0.525,0.0165,0.335,0.050000000000000044,,,,,0,0,0,0,0.0,
2024-02-28,0.525,0.475,0.525,0.0165,0.325,0.050000000000000044,,,,,0,0,0,0,0.0,
2024-02-29,0.535,0.465,0.525,0.0165,0.325,0.07,,,,,0,0,0,0,0.019999999999999962,
2024-03-01,0.535,0.465,0.525,0.0165,0.325,0.07,41.73985,39.72335,2.0164999999999935,,0,0,0,0,0.0,
2024-03-02,0.535,0.465,0.525,0.0175,0.325,0.07,41.9831,39.55785,2.4252499999999984,,0,0,0,0,0.0,0.40875000000000483
2024-03-03,0.535,0.465,0.535,0.0175,0.325,0.07,42.18145,39.74865,2.4328000000000003,,0,0,0,0,0.0,0.007550000000001944
2024-03-04,0.545,0.455,0.535,0.019,0.325,0.09000000000000002,42.20815,39.98665,2.221500000000006,,0,0,0,0,0.020000000000000018,-0.21129999999999427
2024-03-05,0.515,0.485,0.535,0.019,0.315,0.030000000000000027,42.2282,40.06815,2.1600499999999982,Super Tuesday,0,0,0,0,-0.06,-0.061450000000007776
2024-03-06,0.515,0.485,0.535,0.0165,0.325,0.030000000000000027,42.1781,39.844350000000006,2.333749999999995,,0,0,0,0,0.0,0.17369999999999663
2024-03-07,0.515,0.485,0.535,0.0175,0.325,0.030000000000000027,42.4368,40.4148,2.0219999999999985,,0,0,0,0,0.0,-0.3117499999999964
2024-03-08,0.505,0.495,0.535,0.0175,0.315,0.010000000000000009,42.5659,40.4915,2.074399999999997,,0,0,0,0,-0.020000000000000018,0.05239999999999867
2024-03-09,0.515,0.485,0.535,0.019,0.335,0.030000000000000027,42.504450000000006,40.420199999999994,2.0842500000000115,,0,0,0,0,0.020000000000000018,0.009850000000014347
2024-03-10,0.515,0.485,0.535,0.0195,0.335,0.030000000000000027,42.43655,40.3694,2.067149999999998,,0,0,0,0,0.0,-0.017100000000013438
2024-03-11,0.515,0.485,0.515,0.0195,0.345,0.030000000000000027,42.39735,40.58465,1.8126999999999995,,0,0,0,0,0.0,-0.2544499999999985
2024-03-12,0.515,0.485,0.515,0.0195,0.345,0.030000000000000027,42.36545,40.87845,1.4870000000000019,,0,0,0,0,0.0,-0.32569999999999766
2024-03-13,0.515,0.485,0.515,0.018,0.345,0.030000000000000027,42.5302,41.02545,1.5047500000000014,,0,0,0,0,0.0,0.01774999999999949
2024-03-14,0.525,0.475,0.515,0.017,0.365,0.050000000000000044,42.8018,41.01185,1.7899499999999975,,0,0,0,0,0.020000000000000018,0.2851999999999961
2024-03-15,0.525,0.475,0.515,0.0165,0.365,0.050000000000000044,42.66935,40.756,1.9133500000000012,,0,0,0,0,0.0,0.12340000000000373
2024-03-16,0.525,0.475,0.515,0.0165,0.365,0.050000000000000044,42.6967,40.86875,1.8279500000000013,,0,0,0,0,0.0,-0.08539999999999992
2024-03-17,0.525,0.475,0.515,0.0165,0.375,0.050000000000000044,42.79375,41.1169,1.6768500000000017,,0,0,0,0,0.0,-0.15109999999999957
2024-03-18,0.525,0.475,0.515,0.018,0.375,0.050000000000000044,42.59755,41.165,1.432549999999999,,0,0,0,0,0.0,-0.24430000000000263
2024-03-19,0.525,0.475,0.515,0.018,0.375,0.050000000000000044,42.49955,41.41235,1.0871999999999957,,0,0,0,0,0.0,-0.3453500000000034
2024-03-20,0.525,0.475,0.515,0.0165,0.375,0.050000000000000044,42.606750000000005,41.6192,0.9875500000000059,,0,0,0,0,0.0,-0.0996499999999898
2024-03-21,0.525,0.475,0.515,0.0165,0.375,0.050000000000000044,42.663799999999995,41.76315,0.9006499999999917,,0,0,0,0,0.0,-0.08690000000001419
2024-03-22,0.525,0.475,0.515,0.0155,0.385,0.050000000000000044,42.7997,41.619600000000005,1.180099999999996,,0,0,0,0,0.0,0.2794500000000042
2024-03-23,0.525,0.475,0.515,0.0155,0.385,0.050000000000000044,42.79205,41.651700000000005,1.140349999999998,,0,0,0,0,0.0,-0.039749999999997954
2024-03-24,0.525,0.475,0.495,0.0155,0.405,0.050000000000000044,42.72425,41.75045,0.9737999999999971,,0,0,0,0,0.0,-0.16655000000000086
2024-03-25,0.525,0.475,0.495,0.015,0.405,0.050000000000000044,42.7237,41.9477,0.7760000000000034,,0,0,0,0,0.0,-0.19779999999999376
2024-03-26,0.525,0.475,0.495,0.015,0.405,0.050000000000000044,42.7509,41.49825,1.2526500000000027,,0,0,0,0,0.0,0.47664999999999935
2024-03-27,0.525,0.475,0.495,0.016,0.405,0.050000000000000044,43.17425,41.16105,2.0131999999999977,,0,0,0,0,0.0,0.760549999999995
2024-03-28,0.525,0.475,0.495,0.016,0.415,0.050000000000000044,43.126549999999995,41.104600000000005,2.0219499999999897,,0,0,0,0,0.0,0.008749999999992042
2024-03-29,0.525,0.475,0.495,0.016,0.415,0.050000000000000044,43.1686,40.97725,2.19135,,0,0,0,0,0.0,0.1694000000000102
2024-03-30,0.525,0.475,0.485,0.016,0.415,0.050000000000000044,43.1695,41.02015,2.1493499999999983,,0,0,0,0,0.0,-0.04200000000000159
2024-03-31,0.525,0.475,0.485,0.0165,0.415,0.050000000000000044,43.111149999999995,40.97625,2.1348999999999947,,0,0,0,0,0.0,-0.014450000000003627
2024-04-01,0.525,0.475,0.485,0.0165,0.415,0.050000000000000044,43.11725,41.01185,2.105399999999996,,0,0,0,0,0.0,-0.02949999999999875
2024-04-02,0.525,0.475,0.485,0.0165,0.415,0.050000000000000044,42.5894,41.1208,1.468599999999995,,0,0,0,0,0.0,-0.6368000000000009
2024-04-03,0.525,0.475,0.485,0.0145,0.415,0.050000000000000044,42.6111,41.606449999999995,1.0046500000000052,,0,0,0,0,0.0,-0.46394999999998987
2024-04-04,0.525,0.475,0.475,0.0175,0.435,0.050000000000000044,42.544,41.8209,0.7230999999999952,,0,0,0,0,0.0,-0.28155000000000996
2024-04-05,0.525,0.475,0.465,0.0165,0.435,0.050000000000000044,42.538799999999995,41.79745,0.7413499999999971,,0,0,0,0,0.0,0.018250000000001876
2024-04-06,0.525,0.475,0.465,0.015,0.445,0.050000000000000044,42.4438,41.7926,0.6512000000000029,,0,0,0,0,0.0,-0.09014999999999418
2024-04-07,0.525,0.475,0.465,0.015,0.445,0.050000000000000044,42.4859,41.7135,0.7723999999999975,,0,0,0,0,0.0,0.12119999999999465
2024-04-08,0.525,0.475,0.465,0.0155,0.435,0.050000000000000044,42.37085,41.6784,0.6924499999999938,,0,0,0,0,0.0,-0.07995000000000374
2024-04-09,0.525,0.475,0.465,0.0155,0.445,0.050000000000000044,42.3762,41.7184,0.6577999999999946,,0,0,0,0,0.0,-0.03464999999999918
2024-04-10,0.525,0.475,0.465,0.0155,0.445,0.050000000000000044,42.3208,41.65795,0.6628499999999988,,0,0,0,0,0.0,0.005050000000004218
2024-04-11,0.515,0.485,0.455,0.014,0.435,0.030000000000000027,42.315650000000005,41.1903,1.1253500000000045,,0,0,0,0,-0.020000000000000018,0.4625000000000057
2024-04-12,0.515,0.485,0.455,0.0145,0.445,0.030000000000000027,42.3073,41.0993,1.2079999999999984,,0,0,0,0,0.0,0.0826499999999939
2024-04-13,0.515,0.485,0.455,0.0145,0.435,0.030000000000000027,42.23175,41.26865,0.9630999999999972,,0,0,0,0,0.0,-0.24490000000000123
2024-04-14,0.515,0.485,0.455,0.0135,0.435,0.030000000000000027,42.1612,41.32225,0.8389500000000041,,0,0,0,0,0.0,-0.1241499999999931
2024-04-15,0.515,0.485,0.455,0.0135,0.435,0.030000000000000027,42.09495,41.29655,0.7983999999999938,,0,0,0,0,0.0,-0.0405500000000103
2024-04-16,0.515,0.485,0.455,0.0135,0.445,0.030000000000000027,41.7217,41.15195,0.5697499999999991,,0,0,0,0,0.0,-0.2286499999999947
2024-04-17,0.515,0.485,0.445,0.0115,0.445,0.030000000000000027,41.8524,41.0121,0.8403000000000063,,0,0,0,0,0.0,0.2705500000000072
2024-04-18,0.515,0.485,0.445,0.0095,0.445,0.030000000000000027,42.08,41.09835,0.9816499999999948,,0,0,0,0,0.0,0.14134999999998854
2024-04-19,0.515,0.485,0.425,0.011,0.445,0.030000000000000027,42.0234,41.006,1.017400000000002,,0,0,0,0,0.0,0.035750000000007276
2024-04-20,0.515,0.485,0.425,0.0105,0.435,0.030000000000000027,41.92285,40.90445,1.0183999999999997,,0,0,0,0,0.0,0.0009999999999976694
2024-04-21,0.515,0.485,0.435,0.01,0.435,0.030000000000000027,41.766099999999994,40.7681,0.9979999999999976,,0,0,0,0,0.0,-0.020400000000002194
2024-04-22,0.515,0.485,0.435,0.01,0.435,0.030000000000000027,41.31325,41.0376,0.27564999999999884,,0,0,0,0,0.0,-0.7223499999999987
2024-04-23,0.515,0.485,0.435,0.01,0.435,0.030000000000000027,41.3512,41.002849999999995,0.3483500000000035,,0,0,0,0,0.0,0.07270000000000465
2024-04-24,0.515,0.485,0.435,0.01,0.435,0.030000000000000027,41.5679,41.0099,0.5579999999999998,,0,0,0,0,0.0,0.20964999999999634
2024-04-25,0.485,0.515,0.425,0.01,0.445,-0.030000000000000027,41.4012,40.97165,0.4295500000000061,,0,0,0,0,-0.06000000000000005,-0.12844999999999374
2024-04-26,0.505,0.495,0.425,0.01,0.445,0.010000000000000009,41.6405,40.90305,0.7374500000000026,,0,0,0,0,0.040000000000000036,0.3078999999999965
2024-04-27,0.505,0.495,0.435,0.0115,0.445,0.010000000000000009,41.69375,40.938100000000006,0.7556499999999957,,0,0,0,0,0.0,0.01819999999999311
2024-04-28,0.505,0.495,0.435,0.0115,0.445,0.010000000000000009,41.7778,40.7557,1.0221000000000018,,0,0,0,0,0.0,0.26645000000000607
2024-04-29,0.505,0.495,0.435,0.012,0.445,0.010000000000000009,41.9097,40.7324,1.1773000000000025,,0,0,0,0,0.0,0.15520000000000067
2024-04-30,0.505,0.495,0.435,0.0115,0.435,0.010000000000000009,41.5424,40.80200000000001,0.740399999999994,,0,0,0,0,0.0,-0.4369000000000085
2024-05-01,0.505,0.495,0.445,0.012,0.445,0.010000000000000009,41.6244,40.7971,0.827300000000001,,0,0,0,0,0.0,0.08690000000000708
2024-05-02,0.505,0.495,0.455,0.0115,0.445,0.010000000000000009,41.432500000000005,40.7732,0.6593000000000018,,0,0,0,0,0.0,-0.16799999999999926
2024-05-03,0.475,0.525,0.455,0.0115,0.445,-0.050000000000000044,41.664100000000005,40.68525,0.9788500000000013,,0,0,0,0,-0.06000000000000005,0.31954999999999956
2024-05-04,0.475,0.525,0.465,0.0115,0.445,-0.050000000000000044,41.69825,40.7074,0.9908500000000018,,0,0,0,0,0.0,0.012000000000000455
2024-05-05,0.475,0.525,0.465,0.0115,0.445,-0.050000000000000044,41.7371,40.604600000000005,1.1324999999999932,,0,0,0,0,0.0,0.1416499999999914
2024-05-06,0.475,0.525,0.465,0.0115,0.435,-0.050000000000000044,41.5151,40.537000000000006,0.9780999999999906,,0,0,0,0,0.0,-0.15440000000000254
2024-05-07,0.475,0.525,0.465,0.0115,0.435,-0.050000000000000044,41.4646,40.507099999999994,0.9575000000000031,,0,0,0,0,0.0,-0.020599999999987517
2024-05-08,0.475,0.525,0.465,0.012,0.435,-0.050000000000000044,41.38345,40.6826,0.7008500000000026,,0,0,0,0,0.0,-0.2566500000000005
2024-05-09,0.475,0.525,0.455,0.011,0.445,-0.050000000000000044,41.3381,40.59165,0.7464499999999958,,0,0,0,0,0.0,0.0455999999999932
2024-05-10,0.485,0.515,0.445,0.0115,0.445,-0.030000000000000027,41.3267,40.58345,0.7432500000000033,,0,0,0,0,0.020000000000000018,-0.003199999999992542
2024-05-11,0.485,0.515,0.445,0.0115,0.445,-0.030000000000000027,41.25175,40.6987,0.5530499999999989,,0,0,0,0,0.0,-0.19020000000000437
2024-05-12,0.485,0.515,0.445,0.0115,0.445,-0.030000000000000027,41.25005,40.58635,0.6636999999999986,,0,0,0,0,0.0,0.11064999999999969
2024-05-13,0.485,0.515,0.445,0.0115,0.445,-0.030000000000000027,41.2075,40.341750000000005,0.8657499999999985,,0,0,0,0,0.0,0.20204999999999984
2024-05-14,0.505,0.495,0.51,0.0125,0.435,0.010000000000000009,41.27055,40.338899999999995,0.9316500000000048,,0,0,0,0,0.040000000000000036,0.06590000000000629
2024-05-15,0.505,0.495,0.485,0.013,0.435,0.010000000000000009,41.3969,40.4222,0.9747000000000057,,0,0,0,0,0.0,0.04305000000000092
2024-05-16,0.505,0.495,0.495,0.0095,0.425,0.010000000000000009,41.3293,40.3239,1.0054000000000016,,0,0,0,0,0.0,0.030699999999995953
2024-05-17,0.505,0.495,0.495,0.011,0.415,0.010000000000000009,41.4015,40.36709999999999,1.034400000000005,,0,0,0,0,0.0,0.029000000000003467
2024-05-18,0.515,0.485,0.505,0.011,0.415,0.030000000000000027,41.3689,40.3428,1.0260999999999996,,0,0,0,0,0.020000000000000018,-0.008300000000005525
2024-05-19,0.515,0.485,0.515,0.0115,0.415,0.030000000000000027,41.28605,40.125699999999995,1.1603500000000082,,0,0,0,0,0.0,0.13425000000000864
2024-05-20,0.53,0.47,0.515,0.0115,0.415,0.06000000000000005,41.2802,39.85715,1.4230500000000035,,0,0,0,0,0.030000000000000027,0.26269999999999527
2024-05-21,0.55,0.45,0.54,0.011,0.385,0.10000000000000003,41.253600000000006,40.0031,1.2505000000000024,,0,0,0,0,0.03999999999999998,-0.1725500000000011
2024-05-22,0.555,0.445,0.545,0.01,0.395,0.11000000000000004,41.043400000000005,40.148,0.8954000000000022,,0,0,0,0,0.010000000000000009,-0.3551000000000002
2024-05-23,0.545,0.455,0.55,0.01,0.385,0.09000000000000002,41.18235,40.06415,1.1182000000000016,,0,0,0,0,-0.020000000000000018,0.22279999999999944
2024-05-24,0.545,0.455,0.545,0.0095,0.385,0.09000000000000002,41.36475,39.91255,1.4521999999999977,,0,0,0,0,0.0,0.3339999999999961
2024-05-25,0.555,0.445,0.545,0.011,0.375,0.11000000000000004,41.3912,39.921949999999995,1.4692500000000024,,0,0,0,0,0.020000000000000018,0.017050000000004673
2024-05-26,0.555,0.445,0.555,0.0115,0.375,0.11000000000000004,41.393150000000006,39.89645,1.4967000000000041,,0,0,0,0,0.0,0.02745000000000175
2024-05-27,0.555,0.445,0.555,0.0105,0.375,0.11000000000000004,41.37225,39.93745,1.4348000000000027,,0,0,0,0,0.0,-0.0619000000000014
2024-05-28,0.555,0.445,0.555,0.0115,0.365,0.11000000000000004,41.31805,39.92705,1.3909999999999982,,0,0,0,0,0.0,-0.0438000000000045
2024-05-29,0.565,0.435,0.565,0.01,0.365,0.12999999999999995,41.03045,39.8368,1.1936500000000052,,0,0,0,0,0.019999999999999907,-0.19734999999999303
2024-05-30,0.565,0.435,0.565,0.01,0.365,0.12999999999999995,41.2411,39.52615,1.7149500000000018,Trump NY Verdict,0,0,0,0,0.0,0.5212999999999965
2024-05-31,0.565,0.435,0.535,0.01,0.39,0.12999999999999995,41.03765,39.6777,1.3599499999999978,,0,0,0,0,0.0,-0.355000000000004
2024-06-01,0.555,0.445,0.545,0.0125,0.385,0.11000000000000004,40.98425,39.8003,1.183950000000003,,0,0,0,0,-0.019999999999999907,-0.17599999999999483
2024-06-02,0.555,0.445,0.535,0.0125,0.385,0.11000000000000004,40.99435,39.82875,1.1655999999999977,,0,0,0,0,0.0,-0.018350000000005195
2024-06-03,0.555,0.445,0.535,0.0135,0.375,0.11000000000000004,41.06815,39.703500000000005,1.3646499999999975,,0,0,0,0,0.0,0.19904999999999973
2024-06-04,0.565,0.435,0.535,0.014,0.365,0.12999999999999995,41.0455,39.6556,1.3898999999999972,,0,0,0,0,0.019999999999999907,0.025249999999999773
2024-06-05,0.565,0.435,0.555,0.0145,0.375,0.12999999999999995,40.96865,39.75525,1.2134,,0,0,0,0,0.0,-0.17649999999999721
2024-06-06,0.565,0.435,0.555,0.018,0.355,0.12999999999999995,41.0704,39.913,1.1574000000000026,,0,0,0,0,0.0,-0.055999999999997385
2024-06-07,0.565,0.435,0.545,0.0145,0.345,0.12999999999999995,40.96295,39.8786,1.0843500000000006,,0,0,0,0,0.0,-0.07305000000000206
2024-06-08,0.565,0.435,0.555,0.0145,0.335,0.12999999999999995,40.94225,39.86065,1.0816000000000017,,0,0,0,0,0.0,-0.00274999999999892
2024-06-09,0.565,0.435,0.555,0.0145,0.335,0.12999999999999995,41.06105,39.99285,1.0682000000000045,,0,0,0,0,0.0,-0.013399999999997192
2024-06-10,0.565,0.435,0.555,0.0155,0.335,0.12999999999999995,41.01355,40.0134,1.000150000000005,,0,0,0,0,0.0,-0.0680499999999995
2024-06-11,0.565,0.435,0.565,0.0155,0.335,0.12999999999999995,40.93045,40.0048,0.9256499999999974,,0,0,0,0,0.0,-0.07450000000000756
2024-06-12,0.565,0.435,0.555,0.0135,0.34,0.12999999999999995,40.9197,40.00105,0.9186499999999995,,0,0,0,0,0.0,-0.006999999999997897
2024-06-13,0.565,0.435,0.565,0.0115,0.345,0.12999999999999995,40.97945,40.04815,0.9313000000000002,,0,0,0,0,0.0,0.012650000000000716
2024-06-14,0.565,0.435,0.565,0.014,0.345,0.12999999999999995,41.12235,40.062,1.0603499999999997,,0,0,0,0,0.0,0.12904999999999944
2024-06-15,0.565,0.435,0.565,0.014,0.335,0.12999999999999995,41.12695,40.004999999999995,1.1219500000000053,,0,0,0,0,0.0,0.06160000000000565
2024-06-16,0.565,0.435,0.565,0.0145,0.325,0.12999999999999995,41.1708,40.03425,1.1365499999999997,,0,0,0,0,0.0,0.014599999999994395
2024-06-17,0.565,0.435,0.565,0.015,0.335,0.12999999999999995,40.91045,40.18815,0.722299999999997,,0,0,0,0,0.0,-0.41425000000000267
2024-06-18,0.565,0.435,0.565,0.015,0.335,0.12999999999999995,40.84695,40.2367,0.6102500000000006,,0,0,0,0,0.0,-0.11204999999999643
2024-06-19,0.565,0.435,0.565,0.0145,0.335,0.12999999999999995,40.84195,40.25445,0.5874999999999986,,0,0,0,0,0.0,-0.022750000000002046
2024-06-20,0.565,0.435,0.565,0.016,0.325,0.12999999999999995,40.46175,40.561800000000005,-0.10005000000000308,,0,0,0,0,0.0,-0.6875500000000017
2024-06-21,0.565,0.435,0.565,0.0155,0.335,0.12999999999999995,40.49005,40.6726,-0.1825500000000062,,0,0,0,0,0.0,-0.08250000000000313
2024-06-22,0.565,0.435,0.565,0.0205,0.335,0.12999999999999995,40.4789,40.7451,-0.26619999999999777,,0,0,0,0,0.0,-0.08364999999999156
2024-06-23,0.575,0.425,0.575,0.0145,0.345,0.14999999999999997,40.63115,40.9633,-0.3321499999999986,,0,0,0,0,0.020000000000000018,-0.06595000000000084
2024-06-24,0.595,0.405,0.575,0.0145,0.345,0.18999999999999995,40.7074,40.8352,-0.12780000000000058,,0,0,0,0,0.03999999999999998,0.20434999999999803
2024-06-25,0.585,0.415,0.585,0.014,0.345,0.16999999999999998,40.6892,40.85065,-0.1614500000000021,,0,0,0,0,-0.019999999999999962,-0.03365000000000151
2024-06-26,0.595,0.405,0.595,0.013,0.335,0.18999999999999995,41.03555,40.931349999999995,0.10420000000000584,,0,0,0,0,0.019999999999999962,0.26565000000000794
2024-06-27,0.605,0.395,0.595,0.014,0.335,0.20999999999999996,41.076899999999995,40.9069,0.1699999999999946,First Presidential Debate,1,0,0,0,0.020000000000000018,0.06579999999998876
2024-06-28,0.605,0.395,0.605,0.011,0.325,0.20999999999999996,41.33175,40.61855,0.7132000000000005,,0,0,0,0,0.0,0.5432000000000059
2024-06-29,0.625,0.375,0.625,0.0345,0.21,0.25,41.50435,40.43545,1.0688999999999993,,0,0,0,0,0.040000000000000036,0.3556999999999988
2024-06-30,0.625,0.375,0.625,0.0285,0.215,0.25,41.71665,40.380849999999995,1.335800000000006,,0,0,0,0,0.0,0.2669000000000068
2024-07-01,0.615,0.385,0.615,0.0515,0.185,0.22999999999999998,41.78045,40.4044,1.3760499999999993,,0,0,0,0,-0.020000000000000018,0.040249999999993236
2024-07-02,0.63,0.37,0.66,0.0445,0.225,0.26,41.8454,40.226600000000005,1.6187999999999931,,0,0,0,0,0.030000000000000027,0.2427499999999938
2024-07-03,0.655,0.345,0.65,0.0965,0.165,0.31000000000000005,42.0912,39.76065,2.3305500000000023,,0,0,0,0,0.050000000000000044,0.7117500000000092
2024-07-04,0.63,0.37,0.615,0.155,0.125,0.26,42.079350000000005,39.7,2.3793500000000023,,0,0,0,0,-0.050000000000000044,0.048799999999999955
2024-07-05,0.625,0.375,0.605,0.201,0.085,0.25,42.20855,39.6897,2.5188500000000005,,0,0,0,0,-0.010000000000000009,0.13949999999999818
2024-07-06,0.62,0.38,0.605,0.1595,0.115,0.24,42.0873,39.8079,2.2794000000000025,,0,0,0,0,-0.010000000000000009,-0.23944999999999794
2024-07-07,0.635,0.365,0.625,0.1385,0.14,0.27,42.153499999999994,39.88805,2.265449999999994,,0,0,0,0,0.030000000000000027,-0.013950000000008345
2024-07-08,0.625,0.375,0.625,0.1305,0.145,0.25,42.03315,39.73095,2.302199999999999,,0,0,0,0,-0.020000000000000018,0.036750000000004945
2024-07-09,0.625,0.375,0.605,0.0605,0.185,0.25,42.0822,39.94540000000001,2.136799999999994,,0,0,0,0,0.0,-0.16540000000000532
2024-07-10,0.625,0.375,0.625,0.0905,0.175,0.25,42.2196,40.1172,2.102400000000003,,0,0,0,0,0.0,-0.03439999999999088
2024-07-11,0.625,0.375,0.625,0.1545,0.1,0.25,42.3894,40.24585,2.1435500000000047,,0,0,0,0,0.0,0.041150000000001796
2024-07-12,0.635,0.365,0.6,0.186,0.12,0.27,42.3345,40.4585,1.8759999999999977,,0,0,0,0,0.020000000000000018,-0.26755000000000706
2024-07-13,0.625,0.375,0.595,0.1455,0.155,0.25,42.2635,40.3237,1.9397999999999982,Trump Assassination Attempt,0,1,0,0,-0.020000000000000018,0.06380000000000052
2024-07-14,0.68,0.32,0.675,0.086,0.15,0.36000000000000004,42.3072,40.40445,1.9027500000000046,,0,0,0,0,0.11000000000000004,-0.03704999999999359
2024-07-15,0.74,0.26,0.695,0.056,0.175,0.48,42.426,40.20955,2.216450000000002,Republican National Convention,0,0,0,0,0.11999999999999994,0.3136999999999972
2024-07-16,0.715,0.285,0.705,0.0615,0.175,0.43,42.343500000000006,40.3048,2.0387000000000057,,0,0,0,0,-0.04999999999999999,-0.17774999999999608
2024-07-17,0.695,0.305,0.685,0.0585,0.185,0.38999999999999996,42.33905,40.30155,2.0375000000000014,,0,0,0,0,-0.040000000000000036,-0.0012000000000043087
2024-07-18,0.705,0.295,0.675,0.1345,0.115,0.41,43.34035,40.08265,3.2577,,0,0,0,0,0.020000000000000018,1.2201999999999984
2024-07-19,0.625,0.375,0.615,0.226,0.0445,0.25,43.463,40.2365,3.2265000000000015,,0,0,0,0,-0.15999999999999998,-0.03119999999999834
2024-07-20,0.665,0.335,0.645,0.1855,0.067,0.33,43.516000000000005,40.29955,3.216450000000002,,0,0,0,0,0.08000000000000002,-0.01004999999999967
2024-07-21,0.66,0.34,0.64,0.1825,0.0695,0.32,43.4648,40.22535,3.239449999999998,Biden Withdrawal & Endorsement,0,0,1,0,-0.010000000000000009,0.022999999999996135
2024-07-22,0.635,0.365,0.63,0.2915,0.0005,0.27,43.4648,40.22535,3.239449999999998,,0,0,0,0,-0.04999999999999999,0.0
2024-07-23,0.625,0.375,0.625,0.3235,0.0005,0.25,43.4648,40.22535,3.239449999999998,,0,0,0,0,-0.020000000000000018,0.0
2024-07-24,0.615,0.385,0.605,0.3705,0.0005,0.22999999999999998,44.0377,44.87105,-0.8333499999999958,,0,0,0,0,-0.020000000000000018,-4.072799999999994
2024-07-25,0.63,0.37,0.625,0.3215,0.0005,0.26,44.2427,44.632850000000005,-0.39015000000000555,,0,0,0,0,0.030000000000000027,0.44319999999999027
2024-07-26,0.625,0.375,0.615,0.347,0.0005,0.25,43.92505,44.15055,-0.2255000000000038,,0,0,0,0,-0.010000000000000009,0.16465000000000174
2024-07-27,0.6,0.4,0.585,0.3975,0.0005,0.19999999999999996,43.91775,44.216750000000005,-0.2990000000000066,,0,0,0,0,-0.050000000000000044,-0.07350000000000279
2024-07-28,0.585,0.415,0.575,0.394,0.0005,0.16999999999999998,44.078050000000005,44.2969,-0.21884999999999621,,0,0,0,0,-0.02999999999999997,0.08015000000001038
2024-07-29,0.595,0.405,0.585,0.393,0.0005,0.18999999999999995,43.97495,44.4071,-0.43215000000000003,,0,0,0,0,0.019999999999999962,-0.21330000000000382
2024-07-30,0.595,0.405,0.595,0.38,0.0005,0.18999999999999995,43.6301,44.54535,-0.9152500000000003,,0,0,0,0,0.0,-0.4831000000000003
2024-07-31,0.615,0.385,0.585,0.3855,0.0005,0.22999999999999998,43.5051,44.7176,-1.2124999999999986,,0,0,0,0,0.040000000000000036,-0.29724999999999824
2024-08-01,0.585,0.415,0.555,0.417,0.0005,0.16999999999999998,43.65805,44.8696,-1.2115499999999955,,0,0,0,0,-0.06,0.000950000000003115
2024-08-02,0.555,0.445,0.535,0.4415,0.0005,0.11000000000000004,43.5577,45.03665,-1.4789500000000046,,0,0,0,0,-0.05999999999999994,-0.2674000000000092
2024-08-03,0.55,0.45,0.525,0.4395,0.0005,0.10000000000000003,43.573800000000006,45.08025,-1.5064499999999938,,0,0,0,0,-0.010000000000000009,-0.0274999999999892
2024-08-04,0.555,0.445,0.545,0.4315,0.0005,0.11000000000000004,43.67085,45.2924,-1.6215499999999992,,0,0,0,0,0.010000000000000009,-0.11510000000000531
2024-08-05,0.55,0.45,0.515,0.446,0.0005,0.10000000000000003,43.526700000000005,45.472,-1.945299999999996,,0,0,0,0,-0.010000000000000009,-0.3237499999999969
2024-08-06,0.555,0.445,0.535,0.437,0.0005,0.11000000000000004,43.35865,45.0984,-1.7397500000000008,,0,0,0,0,0.010000000000000009,0.20554999999999524
2024-08-07,0.535,0.465,0.515,0.4585,0.0005,0.07,43.4084,45.2648,-1.8564000000000007,,0,0,0,0,-0.040000000000000036,-0.11664999999999992
2024-08-08,0.505,0.495,0.485,0.4915,0.0005,0.010000000000000009,43.3146,45.4498,-2.1352000000000046,,0,0,0,0,-0.06,-0.27880000000000393
2024-08-09,0.505,0.495,0.4915,0.4875,0.0005,0.010000000000000009,43.43625,45.46235,-2.0260999999999996,,0,0,0,0,0.0,0.10910000000000508
2024-08-10,0.505,0.495,0.476,0.4915,0.0005,0.010000000000000009,43.445899999999995,45.73955,-2.2936500000000066,,0,0,0,0,0.0,-0.26755000000000706
2024-08-11,0.47,0.53,0.453,0.515,0.0005,-0.06000000000000005,43.4492,45.7217,-2.272500000000001,,0,0,0,0,-0.07000000000000006,0.021150000000005775
2024-08-12,0.465,0.535,0.4555,0.5155,0.0005,-0.07,43.29315,46.0636,-2.770450000000004,,0,0,0,0,-0.009999999999999953,-0.497950000000003
2024-08-13,0.465,0.535,0.4585,0.512,0.0005,-0.07,43.386,46.09995,-2.713949999999997,,0,0,0,0,0.0,0.05650000000000688
2024-08-14,0.465,0.535,0.4555,0.5245,0.0005,-0.07,43.5617,46.161100000000005,-2.599400000000003,,0,0,0,0,0.0,0.11454999999999416
2024-08-15,0.455,0.545,0.447,0.5335,0.0005,-0.09000000000000002,43.45145,46.3387,-2.8872500000000016,,0,0,0,0,-0.020000000000000018,-0.28784999999999883
2024-08-16,0.445,0.555,0.443,0.539,0.0005,-0.11000000000000004,43.6663,46.2652,-2.5989000000000004,,0,0,0,0,-0.020000000000000018,0.2883500000000012
2024-08-17,0.455,0.545,0.4545,0.5225,0.0005,-0.09000000000000002,43.69225,46.24205,-2.5497999999999976,,0,0,0,0,0.020000000000000018,0.04910000000000281
2024-08-18,0.475,0.525,0.4865,0.4975,0.0005,-0.050000000000000044,43.803,46.441950000000006,-2.6389500000000083,,0,0,0,0,0.03999999999999998,-0.08915000000001072
2024-08-19,0.485,0.515,0.4835,0.4935,0.0005,-0.030000000000000027,43.82195,46.6964,-2.874449999999996,Democratic National Convention,0,0,0,0,0.020000000000000018,-0.2354999999999876
2024-08-20,0.485,0.515,0.486,0.496,0.0005,-0.030000000000000027,43.83505,46.63975000000001,-2.804700000000004,,0,0,0,0,0.0,0.06974999999999199
2024-08-21,0.505,0.495,0.5025,0.481,0.0005,0.010000000000000009,43.72205,46.97835,-3.256299999999996,,0,0,0,0,0.040000000000000036,-0.451599999999992
2024-08-22,0.515,0.485,0.5215,0.468,0.0005,0.030000000000000027,43.5586,47.1866,-3.628,,0,0,0,0,0.020000000000000018,-0.37170000000000414
2024-08-23,0.505,0.495,0.5175,0.4715,0.0005,0.010000000000000009,43.5972,47.251549999999995,-3.6543499999999938,,0,0,0,0,-0.020000000000000018,-0.026349999999993656
2024-08-24,0.505,0.495,0.5015,0.484,0.0005,0.010000000000000009,43.6421,47.214299999999994,-3.572199999999995,,0,0,0,0,0.0,0.08214999999999861
2024-08-25,0.495,0.505,0.502,0.4865,0.0005,-0.010000000000000009,43.661249999999995,47.21525,-3.554000000000002,,0,0,0,0,-0.020000000000000018,0.01819999999999311
2024-08-26,0.495,0.505,0.4955,0.496,0.0005,-0.010000000000000009,43.7138,47.109449999999995,-3.3956499999999963,,0,0,0,0,0.0,0.15835000000000576
2024-08-27,0.505,0.495,0.4945,0.4945,0.0005,0.010000000000000009,43.63965,47.0636,-3.423949999999998,,0,0,0,0,0.020000000000000018,-0.028300000000001546
2024-08-28,0.505,0.495,0.5035,0.4835,0.0005,0.010000000000000009,43.5847,47.1546,-3.569900000000004,,0,0,0,0,0.0,-0.14595000000000624
2024-08-29,0.505,0.495,0.503,0.484,0.0005,0.010000000000000009,43.6991,47.1613,-3.4621999999999957,,0,0,0,0,0.0,0.10770000000000834
2024-08-30,0.505,0.495,0.498,0.483,0.0005,0.010000000000000009,43.7142,47.1153,-3.4010999999999996,,0,0,0,0,0.0,0.06109999999999616
2024-08-31,0.505,0.495,0.4995,0.4855,0.0005,0.010000000000000009,43.81795,47.06115,-3.2431999999999945,,0,0,0,0,0.0,0.15790000000000504
2024-09-01,0.505,0.495,0.5025,0.4825,0.0005,0.010000000000000009,43.81505,47.06225,-3.2471999999999994,,0,0,0,0,0.0,-0.0040000000000048885
2024-09-02,0.525,0.475,0.5085,0.4775,0.0005,0.050000000000000044,43.8396,47.0768,-3.2372000000000014,,0,0,0,0,0.040000000000000036,0.00999999999999801
2024-09-03,0.525,0.475,0.5175,0.4705,0.0005,0.050000000000000044,43.8692,47.038799999999995,-3.1695999999999955,,0,0,0,0,0.0,0.06760000000000588
2024-09-04,0.525,0.475,0.5115,0.4765,0.0005,0.050000000000000044,43.87675,47.0408,-3.164049999999996,,0,0,0,0,0.0,0.0055499999999995
2024-09-05,0.525,0.475,0.5295,0.46,0.0005,0.050000000000000044,44.08175,47.17165,-3.0899,,0,0,0,0,0.0,0.07414999999999594
2024-09-06,0.525,0.475,0.528,0.459,0.0005,0.050000000000000044,44.168,47.27515,-3.107149999999997,,0,0,0,0,0.0,-0.0172499999999971
2024-09-07,0.515,0.485,0.5055,0.4775,0.0005,0.030000000000000027,44.1915,47.27365,-3.0821500000000057,,0,0,0,0,-0.020000000000000018,0.024999999999991473
2024-09-08,0.515,0.485,0.5,0.4755,0.0005,0.030000000000000027,44.325050000000005,47.13745,-2.8123999999999967,,0,0,0,0,0.0,0.26975000000000904
2024-09-09,0.535,0.465,0.513,0.464,0.0005,0.07,44.3757,47.2247,-2.8489999999999966,,0,0,0,0,0.03999999999999998,-0.036599999999999966
2024-09-10,0.535,0.465,0.5225,0.4605,0.0005,0.07,44.3919,47.0902,-2.6983000000000033,Second Presidential Debate,1,0,0,0,0.0,0.1506999999999934
2024-09-11,0.535,0.465,0.5195,0.464,0.0005,0.07,44.3712,47.0178,-2.6465999999999994,,0,0,0,0,0.0,0.051700000000003854
2024-09-12,0.505,0.495,0.496,0.4945,0.0005,0.010000000000000009,44.29815,47.12155,-2.8233999999999995,,0,0,0,0,-0.06,-0.17680000000000007
2024-09-13,0.505,0.495,0.491,0.4985,0.0005,0.010000000000000009,44.29815,47.12155,-2.8233999999999995,,0,0,0,0,0.0,0.0
2024-09-14,0.505,0.495,0.491,0.5005,0.0005,0.010000000000000009,44.29815,47.12155,-2.8233999999999995,,0,0,0,0,0.0,0.0
2024-09-15,0.495,0.505,0.4885,0.5035,0.0005,-0.010000000000000009,44.29815,47.12155,-2.8233999999999995,,0,0,0,0,-0.020000000000000018,0.0
2024-09-16,0.495,0.505,0.494,0.496,0.0005,-0.010000000000000009,44.29815,47.12155,-2.8233999999999995,,0,0,0,0,0.0,0.0
2024-09-17,0.495,0.505,0.4945,0.4925,0.0005,-0.010000000000000009,44.29815,47.12155,-2.8233999999999995,,0,0,0,0,0.0,0.0
2024-09-18,0.495,0.505,0.4805,0.5005,0.0005,-0.010000000000000009,44.29815,47.12155,-2.8233999999999995,,0,0,0,0,0.0,0.0
2024-09-19,0.485,0.515,0.4675,0.5175,0.0005,-0.030000000000000027,44.29815,47.12155,-2.8233999999999995,,0,0,0,0,-0.020000000000000018,0.0
2024-09-20,0.475,0.525,0.4715,0.5125,0.0005,-0.050000000000000044,44.29815,47.12155,-2.8233999999999995,,0,0,0,0,-0.020000000000000018,0.0
2024-09-21,0.485,0.515,0.479,0.51,0.0005,-0.030000000000000027,44.29815,47.12155,-2.8233999999999995,,0,0,0,0,0.020000000000000018,0.0
2024-09-22,0.485,0.515,0.4755,0.512,0.0005,-0.030000000000000027,44.29815,47.12155,-2.8233999999999995,,0,0,0,0,0.0,0.0
2024-09-23,0.475,0.525,0.4695,0.52,0.0005,-0.050000000000000044,44.29815,47.12155,-2.8233999999999995,,0,0,0,0,-0.020000000000000018,0.0
2024-09-24,0.485,0.515,0.4825,0.505,0.0005,-0.030000000000000027,44.29815,47.12155,-2.8233999999999995,,0,0,0,0,0.020000000000000018,0.0
2024-09-25,0.485,0.515,0.481,0.503,0.0005,-0.030000000000000027,44.29815,47.12155,-2.8233999999999995,,0,0,0,0,0.0,0.0
2024-09-26,0.495,0.505,0.4885,0.5015,0.0005,-0.010000000000000009,44.29815,47.12155,-2.8233999999999995,,0,0,0,0,0.020000000000000018,0.0
2024-09-27,0.495,0.505,0.4895,0.502,0.0005,-0.010000000000000009,44.29815,47.12155,-2.8233999999999995,,0,0,0,0,0.0,0.0
2024-09-28,0.495,0.505,0.4855,0.5065,0.0005,-0.010000000000000009,44.29815,47.12155,-2.8233999999999995,,0,0,0,0,0.0,0.0
2024-09-29,0.495,0.505,0.4825,0.506,0.0005,-0.010000000000000009,44.29815,47.12155,-2.8233999999999995,,0,0,0,0,0.0,0.0
2024-09-30,0.495,0.505,0.4905,0.5025,0.0005,-0.010000000000000009,44.29815,47.12155,-2.8233999999999995,,0,0,0,0,0.0,0.0
2024-10-01,0.495,0.505,0.4885,0.4965,0.0005,-0.010000000000000009,44.29815,47.12155,-2.8233999999999995,,0,0,0,0,0.0,0.0
2024-10-02,0.495,0.505,0.4825,0.4985,0.0005,-0.010000000000000009,44.29815,47.12155,-2.8233999999999995,,0,0,0,0,0.0,0.0
2024-10-03,0.505,0.495,0.4925,0.4945,0.0005,0.010000000000000009,44.29815,47.12155,-2.8233999999999995,,0,0,0,0,0.020000000000000018,0.0
2024-10-04,0.505,0.495,0.4965,0.4955,0.0005,0.010000000000000009,44.29815,47.12155,-2.8233999999999995,,0,0,0,0,0.0,0.0
2024-10-05,0.505,0.495,0.4975,0.4925,0.0005,0.010000000000000009,44.29815,47.12155,-2.8233999999999995,Polymarket Whale Influx (Fredi9999/Théo),0,0,0,1,0.0,0.0
2024-10-06,0.505,0.495,0.5015,0.4895,0.0005,0.010000000000000009,44.29815,47.12155,-2.8233999999999995,,0,0,0,1,0.0,0.0
2024-10-07,0.515,0.485,0.5075,0.4835,0.0005,0.030000000000000027,44.29815,47.12155,-2.8233999999999995,,0,0,0,1,0.020000000000000018,0.0
2024-10-08,0.535,0.465,0.5395,0.4575,0.0005,0.07,44.29815,47.12155,-2.8233999999999995,,0,0,0,1,0.03999999999999998,0.0
2024-10-09,0.535,0.465,0.529,0.4655,0.0005,0.07,44.29815,47.12155,-2.8233999999999995,,0,0,0,1,0.0,0.0
2024-10-10,0.54,0.46,0.5335,0.4605,0.0005,0.08000000000000002,44.29815,47.12155,-2.8233999999999995,,0,0,0,1,0.010000000000000009,0.0
2024-10-11,0.56,0.44,0.5545,0.4395,0.0005,0.12000000000000005,44.29815,47.12155,-2.8233999999999995,,0,0,0,1,0.040000000000000036,0.0
2024-10-12,0.545,0.455,0.5405,0.455,0.0005,0.09000000000000002,44.29815,47.12155,-2.8233999999999995,,0,0,0,1,-0.030000000000000027,0.0
2024-10-13,0.555,0.445,0.5495,0.447,0.0005,0.11000000000000004,44.29815,47.12155,-2.8233999999999995,,0,0,0,1,0.020000000000000018,0.0
2024-10-14,0.555,0.445,0.5395,0.4545,0.0005,0.11000000000000004,44.29815,47.12155,-2.8233999999999995,,0,0,0,1,0.0,0.0
2024-10-15,0.555,0.445,0.5505,0.4435,0.0005,0.11000000000000004,44.29815,47.12155,-2.8233999999999995,,0,0,0,1,0.0,0.0
2024-10-16,0.575,0.425,0.5765,0.422,0.0005,0.14999999999999997,44.29815,47.12155,-2.8233999999999995,,0,0,0,1,0.039999999999999925,0.0
2024-10-17,0.595,0.405,0.5855,0.4105,0.0005,0.18999999999999995,44.29815,47.12155,-2.8233999999999995,,0,0,0,1,0.03999999999999998,0.0
2024-10-18,0.61,0.39,0.6185,0.3815,0.0005,0.21999999999999997,44.29815,47.12155,-2.8233999999999995,,0,0,0,1,0.030000000000000027,0.0
2024-10-19,0.595,0.405,0.5995,0.4005,0.0005,0.18999999999999995,44.29815,47.12155,-2.8233999999999995,,0,0,0,1,-0.030000000000000027,0.0
2024-10-20,0.595,0.405,0.6005,0.3985,0.0005,0.18999999999999995,44.29815,47.12155,-2.8233999999999995,,0,0,0,1,0.0,0.0
2024-10-21,0.6,0.4,0.6065,0.3925,0.0005,0.19999999999999996,44.29815,47.12155,-2.8233999999999995,,0,0,0,1,0.010000000000000009,0.0
2024-10-22,0.64,0.36,0.649,0.3515,0.0005,0.28,44.29815,47.12155,-2.8233999999999995,,0,0,0,1,0.08000000000000007,0.0
2024-10-23,0.645,0.355,0.6475,0.3515,0.0005,0.29000000000000004,44.29815,47.12155,-2.8233999999999995,,0,0,0,1,0.010000000000000009,0.0
2024-10-24,0.62,0.38,0.6155,0.3845,0.0005,0.24,44.29815,47.12155,-2.8233999999999995,,0,0,0,1,-0.050000000000000044,0.0
2024-10-25,0.63,0.37,0.641,0.3605,0.0005,0.26,44.29815,47.12155,-2.8233999999999995,,0,0,0,1,0.020000000000000018,0.0
2024-10-26,0.64,0.36,0.6385,0.3605,0.0005,0.28,44.29815,47.12155,-2.8233999999999995,,0,0,0,1,0.020000000000000018,0.0
2024-10-27,0.645,0.355,0.6455,0.353,0.0005,0.29000000000000004,44.29815,47.12155,-2.8233999999999995,,0,0,0,1,0.010000000000000009,0.0
2024-10-28,0.655,0.345,0.6495,0.3485,0.0005,0.31000000000000005,44.29815,47.12155,-2.8233999999999995,,0,0,0,1,0.020000000000000018,0.0
2024-10-29,0.665,0.335,0.6585,0.3415,0.0005,0.33,44.29815,47.12155,-2.8233999999999995,,0,0,0,1,0.019999999999999962,0.0
2024-10-30,0.665,0.335,0.6655,0.3345,0.0005,0.33,44.29815,47.12155,-2.8233999999999995,,0,0,0,1,0.0,0.0
2024-10-31,0.655,0.345,0.6475,0.352,0.0005,0.31000000000000005,44.29815,47.12155,-2.8233999999999995,,0,0,0,1,-0.019999999999999962,0.0
2024-11-01,0.635,0.365,0.6325,0.368,0.0005,0.27,44.29815,47.12155,-2.8233999999999995,,0,0,0,1,-0.040000000000000036,0.0
2024-11-02,0.575,0.425,0.5825,0.4185,0.0005,0.14999999999999997,44.29815,47.12155,-2.8233999999999995,,0,0,0,1,-0.12000000000000005,0.0
2024-11-03,0.555,0.445,0.5585,0.4415,0.0005,0.11000000000000004,44.29815,47.12155,-2.8233999999999995,,0,0,0,1,-0.039999999999999925,0.0
2024-11-04,0.56,0.44,0.5635,0.435,0.0005,0.12000000000000005,44.29815,47.12155,-2.8233999999999995,,0,0,0,1,0.010000000000000009,0.0
2024-11-05,0.58,0.42,0.5855,0.4145,0.0005,0.15999999999999998,44.29815,47.12155,-2.8233999999999995,Election Day,0,0,0,1,0.039999999999999925,0.0
2024-11-06,0.575,0.425,0.58,0.4215,0.0005,0.14999999999999997,44.29815,47.12155,-2.8233999999999995,,0,0,0,1,-0.010000000000000009,0.0
