date,date_str,poll_trump,poll_dem,poll_margin,state,poly_rep,poly_dem,poly_margin,competitiveness,d_poll_margin,d_poly_margin
2024-03-08,2024-03-08,31.50875,50.0133,-18.504550000000002,CA,0.0202,0.9798,-0.9596,0.04,,
2024-03-09,2024-03-09,31.42765,49.9967,-18.569049999999997,CA,0.0206,0.9794,-0.9588000000000001,0.04,-0.06449999999999534,0.0007999999999999119
2024-03-10,2024-03-10,31.42355,49.8812,-18.45765,CA,0.0206,0.9794,-0.9588000000000001,0.04,0.11139999999999617,0.0
2024-03-11,2024-03-11,31.3864,50.09975,-18.713350000000002,CA,0.0206,0.9794,-0.9588000000000001,0.04,-0.2557000000000009,0.0
2024-03-12,2024-03-12,31.27535,50.52755,-19.2522,CA,0.0206,0.9794,-0.9588000000000001,0.04,-0.5388499999999965,0.0
2024-03-13,2024-03-13,31.4236,50.6322,-19.208599999999997,CA,0.0206,0.9794,-0.9588000000000001,0.04,0.043600000000001415,0.0
2024-03-14,2024-03-14,31.6867,50.4944,-18.8077,CA,0.021,0.979,-0.958,0.04,0.4008999999999965,0.0008000000000001339
2024-03-15,2024-03-15,31.6312,50.3916,-18.760399999999997,CA,0.021,0.979,-0.958,0.04,0.04730000000000345,0.0
2024-03-16,2024-03-16,31.6348,50.46535,-18.830550000000002,CA,0.021,0.979,-0.958,0.04,-0.07015000000000526,0.0
2024-03-17,2024-03-17,31.75555,50.5514,-18.79585,CA,0.021,0.979,-0.958,0.04,0.03470000000000084,0.0
2024-03-18,2024-03-18,31.53205,50.73535,-19.203299999999995,CA,0.021,0.979,-0.958,0.04,-0.40744999999999365,0.0
2024-03-19,2024-03-19,31.476,50.83,-19.354,CA,0.021,0.979,-0.958,0.04,-0.15070000000000405,0.0
2024-03-20,2024-03-20,31.46375,51.01635,-19.5526,CA,0.021,0.979,-0.958,0.04,-0.19860000000000255,0.0
2024-03-21,2024-03-21,31.4999,51.090500000000006,-19.590600000000006,CA,0.021,0.979,-0.958,0.04,-0.03800000000000381,0.0
2024-03-22,2024-03-22,31.57845,50.9123,-19.33385,CA,0.021,0.979,-0.958,0.04,0.2567500000000038,0.0
2024-03-23,2024-03-23,31.5971,50.908,-19.3109,CA,0.021,0.979,-0.958,0.04,0.02295000000000158,0.0
2024-03-24,2024-03-24,31.54015,50.9232,-19.38305,CA,0.021,0.979,-0.958,0.04,-0.0721500000000006,0.0
2024-03-25,2024-03-25,31.534750000000003,51.24155,-19.706799999999994,CA,0.021,0.979,-0.958,0.04,-0.3237499999999933,0.0
2024-03-26,2024-03-26,31.5511,50.82425,-19.273149999999998,CA,0.021,0.979,-0.958,0.04,0.43364999999999654,0.0
2024-03-27,2024-03-27,31.92705,50.5266,-18.59955,CA,0.021,0.979,-0.958,0.04,0.6735999999999969,0.0
2024-03-28,2024-03-28,31.83045,50.580299999999994,-18.749849999999995,CA,0.021,0.979,-0.958,0.04,-0.15029999999999433,0.0
2024-03-29,2024-03-29,31.874,50.4473,-18.5733,CA,0.021,0.979,-0.958,0.04,0.17654999999999532,0.0
2024-03-30,2024-03-30,31.95205,50.5166,-18.564549999999997,CA,0.021,0.979,-0.958,0.04,0.0087500000000027,0.0
2024-03-31,2024-03-31,31.88845,50.42365,-18.535200000000003,CA,0.021,0.979,-0.958,0.04,0.02934999999999377,0.0
2024-04-01,2024-04-01,31.8231,50.44725,-18.624149999999997,CA,0.021,0.979,-0.958,0.04,-0.08894999999999342,0.0
2024-04-02,2024-04-02,31.36195,50.6178,-19.255850000000002,CA,0.021,0.979,-0.958,0.04,-0.6317000000000057,0.0
2024-04-03,2024-04-03,31.3071,51.04745,-19.74035,CA,0.021,0.979,-0.958,0.04,-0.48449999999999704,0.0
2024-04-04,2024-04-04,31.27205,51.09195,-19.819899999999997,CA,0.021,0.979,-0.958,0.04,-0.07954999999999757,0.0
2024-04-05,2024-04-05,31.1648,51.1262,-19.961399999999998,CA,0.021,0.979,-0.958,0.04,-0.14150000000000063,0.0
2024-04-06,2024-04-06,31.0738,51.2736,-20.199800000000003,CA,0.021,0.979,-0.958,0.04,-0.23840000000000572,0.0
2024-04-07,2024-04-07,31.0812,51.2842,-20.203,CA,0.021,0.979,-0.958,0.04,-0.003199999999996095,0.0
2024-04-08,2024-04-08,30.94665,51.1429,-20.196249999999996,CA,0.021,0.979,-0.958,0.04,0.0067500000000038085,0.0
2024-04-09,2024-04-09,30.8668,51.3729,-20.5061,CA,0.021,0.979,-0.958,0.04,-0.3098500000000044,0.0
2024-04-10,2024-04-10,30.89315,51.2589,-20.36575,CA,0.021,0.979,-0.958,0.04,0.14035000000000153,0.0
2024-04-11,2024-04-11,30.7748,50.9031,-20.128300000000003,CA,0.0206,0.9794,-0.9588000000000001,0.04,0.2374499999999955,-0.0008000000000001339
2024-04-12,2024-04-12,30.463099999999997,51.148,-20.684900000000006,CA,0.0206,0.9794,-0.9588000000000001,0.04,-0.5566000000000031,0.0
2024-04-13,2024-04-13,30.34305,51.2448,-20.901749999999996,CA,0.0206,0.9794,-0.9588000000000001,0.04,-0.21684999999999022,0.0
2024-04-14,2024-04-14,30.34925,51.3898,-21.04055,CA,0.0206,0.9794,-0.9588000000000001,0.04,-0.13880000000000337,0.0
2024-04-15,2024-04-15,30.2379,51.4093,-21.171400000000002,CA,0.0206,0.9794,-0.9588000000000001,0.04,-0.13085000000000235,0.0
2024-04-16,2024-04-16,30.03175,51.2551,-21.22335,CA,0.0206,0.9794,-0.9588000000000001,0.04,-0.05194999999999794,0.0
2024-04-17,2024-04-17,30.1471,51.1452,-20.998100000000004,CA,0.0206,0.9794,-0.9588000000000001,0.04,0.2252499999999955,0.0
2024-04-18,2024-04-18,30.2819,51.28685,-21.00495,CA,0.0206,0.9794,-0.9588000000000001,0.04,-0.00684999999999647,0.0
2024-04-19,2024-04-19,30.20125,51.224900000000005,-21.023650000000004,CA,0.0206,0.9794,-0.9588000000000001,0.04,-0.018700000000002603,0.0
2024-04-20,2024-04-20,30.21985,51.1311,-20.911250000000003,CA,0.0206,0.9794,-0.9588000000000001,0.04,0.11240000000000094,0.0
2024-04-21,2024-04-21,30.04725,50.947599999999994,-20.900349999999996,CA,0.0206,0.9794,-0.9588000000000001,0.04,0.010900000000006571,0.0
2024-04-22,2024-04-22,29.5984,51.28535,-21.68695,CA,0.0206,0.9794,-0.9588000000000001,0.04,-0.7866000000000035,0.0
2024-04-23,2024-04-23,29.70015,51.2338,-21.53365,CA,0.0206,0.9794,-0.9588000000000001,0.04,0.153299999999998,0.0
2024-04-24,2024-04-24,29.9918,51.19075,-21.19895,CA,0.0206,0.9794,-0.9588000000000001,0.04,0.33470000000000155,0.0
2024-04-25,2024-04-25,30.0498,50.9307,-20.8809,CA,0.0194,0.9806,-0.9612,0.04,0.3180499999999995,-0.0023999999999999577
2024-04-26,2024-04-26,30.3409,50.80515,-20.464249999999996,CA,0.0202,0.9798,-0.9596,0.04,0.4166500000000042,0.0016000000000000458
2024-04-27,2024-04-27,30.39085,50.7441,-20.353250000000003,CA,0.0202,0.9798,-0.9596,0.04,0.11099999999999355,0.0
2024-04-28,2024-04-28,30.4823,50.6976,-20.215300000000003,CA,0.0202,0.9798,-0.9596,0.04,0.13795000000000002,0.0
2024-04-29,2024-04-29,30.6793,50.72125,-20.041949999999996,CA,0.0202,0.9798,-0.9596,0.04,0.17335000000000633,0.0
2024-04-30,2024-04-30,30.31525,50.590050000000005,-20.274800000000006,CA,0.0202,0.9798,-0.9596,0.04,-0.23285000000000977,0.0
2024-05-01,2024-05-01,30.485,50.593900000000005,-20.108900000000006,CA,0.0202,0.9798,-0.9596,0.04,0.1659000000000006,0.0
2024-05-02,2024-05-02,30.4379,50.503,-20.0651,CA,0.0202,0.9798,-0.9596,0.04,0.0438000000000045,0.0
2024-05-03,2024-05-03,30.26915,50.6665,-20.39735,CA,0.019,0.981,-0.962,0.04,-0.3322499999999984,-0.0023999999999999577
2024-05-04,2024-05-04,30.2785,50.65215,-20.373649999999998,CA,0.019,0.981,-0.962,0.04,0.02370000000000161,0.0
2024-05-05,2024-05-05,30.2984,50.47845,-20.18005,CA,0.019,0.981,-0.962,0.04,0.19359999999999644,0.0
2024-05-06,2024-05-06,30.1656,50.43205,-20.266449999999995,CA,0.019,0.981,-0.962,0.04,-0.08639999999999404,0.0
2024-05-07,2024-05-07,30.02755,50.3583,-20.33075,CA,0.019,0.981,-0.962,0.04,-0.06430000000000291,0.0
2024-05-08,2024-05-08,29.9414,50.677800000000005,-20.736400000000003,CA,0.019,0.981,-0.962,0.04,-0.40565000000000495,0.0
2024-05-09,2024-05-09,29.89625,50.62445,-20.728200000000005,CA,0.019,0.981,-0.962,0.04,0.008199999999998653,0.0
2024-05-10,2024-05-10,29.777749999999997,50.605599999999995,-20.827849999999998,CA,0.0194,0.9806,-0.9612,0.04,-0.09964999999999336,0.0007999999999999119
2024-05-11,2024-05-11,29.69145,50.69725,-21.005799999999997,CA,0.0194,0.9806,-0.9612,0.04,-0.17794999999999916,0.0
2024-05-12,2024-05-12,29.6919,50.58385,-20.891949999999998,CA,0.0194,0.9806,-0.9612,0.04,0.11384999999999934,0.0
2024-05-13,2024-05-13,29.56235,50.2909,-20.728550000000002,CA,0.0194,0.9806,-0.9612,0.04,0.16339999999999577,0.0
2024-05-14,2024-05-14,29.62605,50.208200000000005,-20.582150000000006,CA,0.0202,0.9798,-0.9596,0.04,0.1463999999999963,0.0016000000000000458
2024-05-15,2024-05-15,29.819049999999997,50.2503,-20.431250000000006,CA,0.0202,0.9798,-0.9596,0.04,0.15090000000000003,0.0
2024-05-16,2024-05-16,29.72905,50.073350000000005,-20.344300000000004,CA,0.0202,0.9798,-0.9596,0.04,0.08695000000000164,0.0
2024-05-17,2024-05-17,29.73345,50.05055,-20.3171,CA,0.0202,0.9798,-0.9596,0.04,0.02720000000000411,0.0
2024-05-18,2024-05-18,29.7421,49.9447,-20.202599999999997,CA,0.0206,0.9794,-0.9588000000000001,0.04,0.11450000000000315,0.0007999999999999119
2024-05-19,2024-05-19,29.62945,49.89995,-20.2705,CA,0.0206,0.9794,-0.9588000000000001,0.04,-0.06790000000000163,0.0
2024-05-20,2024-05-20,29.585050000000003,49.34875,-19.7637,CA,0.0212,0.9788,-0.9576,0.04,0.5067999999999984,0.0012000000000000899
2024-05-21,2024-05-21,29.58765,49.36015,-19.772499999999997,CA,0.022,0.978,-0.956,0.04,-0.008799999999997254,0.0016000000000000458
2024-05-22,2024-05-22,29.3689,49.757,-20.388099999999998,CA,0.0222,0.9778,-0.9556,0.04,-0.6156000000000006,0.00039999999999995595
2024-05-23,2024-05-23,29.40135,49.6871,-20.28575,CA,0.0218,0.9782,-0.9563999999999999,0.04,0.10234999999999772,-0.0007999999999999119
2024-05-24,2024-05-24,29.5792,49.47955,-19.900350000000003,CA,0.0218,0.9782,-0.9563999999999999,0.04,0.3853999999999971,0.0
2024-05-25,2024-05-25,29.5792,49.47955,-19.900350000000003,CA,0.0222,0.9778,-0.9556,0.04,0.0,0.0007999999999999119
2024-05-26,2024-05-26,29.5792,49.47955,-19.900350000000003,CA,0.0222,0.9778,-0.9556,0.04,0.0,0.0
2024-05-27,2024-05-27,29.5792,49.47955,-19.900350000000003,CA,0.0222,0.9778,-0.9556,0.04,0.0,0.0
2024-05-28,2024-05-28,29.5792,49.47955,-19.900350000000003,CA,0.0222,0.9778,-0.9556,0.04,0.0,0.0
2024-05-29,2024-05-29,29.5792,49.47955,-19.900350000000003,CA,0.0226,0.9774,-0.9548000000000001,0.04,0.0,0.0007999999999999119
2024-05-30,2024-05-30,29.5792,49.47955,-19.900350000000003,CA,0.0226,0.9774,-0.9548000000000001,0.04,0.0,0.0
2024-05-31,2024-05-31,29.5792,49.47955,-19.900350000000003,CA,0.0226,0.9774,-0.9548000000000001,0.04,0.0,0.0
2024-06-01,2024-06-01,29.5792,49.47955,-19.900350000000003,CA,0.0222,0.9778,-0.9556,0.04,0.0,-0.0007999999999999119
2024-06-02,2024-06-02,29.5792,49.47955,-19.900350000000003,CA,0.0222,0.9778,-0.9556,0.04,0.0,0.0
2024-06-03,2024-06-03,29.5792,49.47955,-19.900350000000003,CA,0.0222,0.9778,-0.9556,0.04,0.0,0.0
2024-06-04,2024-06-04,29.5792,49.47955,-19.900350000000003,CA,0.0226,0.9774,-0.9548000000000001,0.04,0.0,0.0007999999999999119
2024-06-05,2024-06-05,29.5792,49.47955,-19.900350000000003,CA,0.0226,0.9774,-0.9548000000000001,0.04,0.0,0.0
2024-06-06,2024-06-06,29.5792,49.47955,-19.900350000000003,CA,0.0226,0.9774,-0.9548000000000001,0.04,0.0,0.0
2024-06-07,2024-06-07,29.5792,49.47955,-19.900350000000003,CA,0.0226,0.9774,-0.9548000000000001,0.04,0.0,0.0
2024-06-08,2024-06-08,29.5792,49.47955,-19.900350000000003,CA,0.0226,0.9774,-0.9548000000000001,0.04,0.0,0.0
2024-06-09,2024-06-09,29.5792,49.47955,-19.900350000000003,CA,0.0226,0.9774,-0.9548000000000001,0.04,0.0,0.0
2024-06-10,2024-06-10,29.5792,49.47955,-19.900350000000003,CA,0.0226,0.9774,-0.9548000000000001,0.04,0.0,0.0
2024-06-11,2024-06-11,29.5792,49.47955,-19.900350000000003,CA,0.0226,0.9774,-0.9548000000000001,0.04,0.0,0.0
2024-06-12,2024-06-12,29.5792,49.47955,-19.900350000000003,CA,0.0226,0.9774,-0.9548000000000001,0.04,0.0,0.0
2024-06-13,2024-06-13,29.5792,49.47955,-19.900350000000003,CA,0.0226,0.9774,-0.9548000000000001,0.04,0.0,0.0
2024-06-14,2024-06-14,29.5792,49.47955,-19.900350000000003,CA,0.0226,0.9774,-0.9548000000000001,0.04,0.0,0.0
2024-06-15,2024-06-15,29.5792,49.47955,-19.900350000000003,CA,0.0226,0.9774,-0.9548000000000001,0.04,0.0,0.0
2024-06-16,2024-06-16,29.5792,49.47955,-19.900350000000003,CA,0.0226,0.9774,-0.9548000000000001,0.04,0.0,0.0
2024-06-17,2024-06-17,29.5792,49.47955,-19.900350000000003,CA,0.0226,0.9774,-0.9548000000000001,0.04,0.0,0.0
2024-06-18,2024-06-18,29.5792,49.47955,-19.900350000000003,CA,0.0226,0.9774,-0.9548000000000001,0.04,0.0,0.0
2024-06-19,2024-06-19,29.5792,49.47955,-19.900350000000003,CA,0.0226,0.9774,-0.9548000000000001,0.04,0.0,0.0
2024-06-20,2024-06-20,29.5792,49.47955,-19.900350000000003,CA,0.0226,0.9774,-0.9548000000000001,0.04,0.0,0.0
2024-06-21,2024-06-21,29.5792,49.47955,-19.900350000000003,CA,0.0226,0.9774,-0.9548000000000001,0.04,0.0,0.0
2024-06-22,2024-06-22,29.5792,49.47955,-19.900350000000003,CA,0.0226,0.9774,-0.9548000000000001,0.04,0.0,0.0
2024-06-23,2024-06-23,29.5792,49.47955,-19.900350000000003,CA,0.023,0.977,-0.954,0.04,0.0,0.0008000000000001339
2024-06-24,2024-06-24,29.5792,49.47955,-19.900350000000003,CA,0.023799999999999998,0.9762,-0.9523999999999999,0.04,0.0,0.0016000000000000458
2024-06-25,2024-06-25,29.5792,49.47955,-19.900350000000003,CA,0.023399999999999997,0.9766,-0.9532,0.04,0.0,-0.0008000000000001339
2024-06-26,2024-06-26,29.5792,49.47955,-19.900350000000003,CA,0.023799999999999998,0.9762,-0.9523999999999999,0.04,0.0,0.0008000000000001339
2024-06-27,2024-06-27,29.5792,49.47955,-19.900350000000003,CA,0.0242,0.9758,-0.9516,0.04,0.0,0.0007999999999999119
2024-06-28,2024-06-28,29.5792,49.47955,-19.900350000000003,CA,0.0242,0.9758,-0.9516,0.04,0.0,0.0
2024-06-29,2024-06-29,29.5792,49.47955,-19.900350000000003,CA,0.025,0.975,-0.95,0.04,0.0,0.0016000000000000458
2024-06-30,2024-06-30,29.5792,49.47955,-19.900350000000003,CA,0.025,0.975,-0.95,0.04,0.0,0.0
2024-07-01,2024-07-01,29.5792,49.47955,-19.900350000000003,CA,0.024599999999999997,0.9754,-0.9508000000000001,0.04,0.0,-0.0008000000000001339
2024-07-02,2024-07-02,29.5792,49.47955,-19.900350000000003,CA,0.0252,0.9748,-0.9496,0.04,0.0,0.0012000000000000899
2024-07-03,2024-07-03,29.5792,49.47955,-19.900350000000003,CA,0.0262,0.9738,-0.9476,0.04,0.0,0.0020000000000000018
2024-07-04,2024-07-04,29.5792,49.47955,-19.900350000000003,CA,0.0252,0.9748,-0.9496,0.04,0.0,-0.0020000000000000018
2024-07-05,2024-07-05,29.5792,49.47955,-19.900350000000003,CA,0.025,0.975,-0.95,0.04,0.0,-0.00039999999999995595
2024-07-06,2024-07-06,29.5792,49.47955,-19.900350000000003,CA,0.0248,0.9752,-0.9503999999999999,0.04,0.0,-0.00039999999999995595
2024-07-07,2024-07-07,29.5792,49.47955,-19.900350000000003,CA,0.0254,0.9746,-0.9492,0.04,0.0,0.0011999999999998678
2024-07-08,2024-07-08,29.5792,49.47955,-19.900350000000003,CA,0.025,0.975,-0.95,0.04,0.0,-0.0007999999999999119
2024-07-09,2024-07-09,29.5792,49.47955,-19.900350000000003,CA,0.025,0.975,-0.95,0.04,0.0,0.0
2024-07-10,2024-07-10,29.5792,49.47955,-19.900350000000003,CA,0.025,0.975,-0.95,0.04,0.0,0.0
2024-07-11,2024-07-11,29.5792,49.47955,-19.900350000000003,CA,0.025,0.975,-0.95,0.04,0.0,0.0
2024-07-12,2024-07-12,29.5792,49.47955,-19.900350000000003,CA,0.0254,0.9746,-0.9492,0.04,0.0,0.0007999999999999119
2024-07-13,2024-07-13,29.5792,49.47955,-19.900350000000003,CA,0.025,0.975,-0.95,0.04,0.0,-0.0007999999999999119
2024-07-14,2024-07-14,29.5792,49.47955,-19.900350000000003,CA,0.027200000000000002,0.9728,-0.9456,0.04,0.0,0.0043999999999999595
2024-07-15,2024-07-15,29.5792,49.47955,-19.900350000000003,CA,0.0296,0.9704,-0.9408000000000001,0.04,0.0,0.0047999999999999154
2024-07-16,2024-07-16,29.5792,49.47955,-19.900350000000003,CA,0.0286,0.9714,-0.9428000000000001,0.04,0.0,-0.0020000000000000018
2024-07-17,2024-07-17,29.5792,49.47955,-19.900350000000003,CA,0.0278,0.9722,-0.9443999999999999,0.04,0.0,-0.0015999999999998238
2024-07-18,2024-07-18,29.5792,49.47955,-19.900350000000003,CA,0.0282,0.9718,-0.9436,0.04,0.0,0.0007999999999999119
2024-07-19,2024-07-19,29.5792,49.47955,-19.900350000000003,CA,0.025,0.975,-0.95,0.04,0.0,-0.006399999999999961
2024-07-20,2024-07-20,29.5792,49.47955,-19.900350000000003,CA,0.026600000000000002,0.9734,-0.9468000000000001,0.04,0.0,0.0031999999999998696
2024-07-21,2024-07-21,29.5792,49.47955,-19.900350000000003,CA,0.0264,0.9736,-0.9472,0.04,0.0,-0.00039999999999995595
2024-07-22,2024-07-22,29.5792,49.47955,-19.900350000000003,CA,0.0254,0.9746,-0.9492,0.04,0.0,-0.0020000000000000018
2024-07-23,2024-07-23,29.5792,49.47955,-19.900350000000003,CA,0.025,0.975,-0.95,0.04,0.0,-0.0007999999999999119
2024-07-24,2024-07-24,29.5792,49.47955,-19.900350000000003,CA,0.024599999999999997,0.9754,-0.9508000000000001,0.04,0.0,-0.0008000000000001339
2024-07-25,2024-07-25,29.5792,49.47955,-19.900350000000003,CA,0.0252,0.9748,-0.9496,0.04,0.0,0.0012000000000000899
2024-07-26,2024-07-26,29.5792,49.47955,-19.900350000000003,CA,0.025,0.975,-0.95,0.04,0.0,-0.00039999999999995595
2024-07-27,2024-07-27,29.5792,49.47955,-19.900350000000003,CA,0.024,0.976,-0.952,0.04,0.0,-0.0020000000000000018
2024-07-28,2024-07-28,29.5792,49.47955,-19.900350000000003,CA,0.023399999999999997,0.9766,-0.9532,0.04,0.0,-0.0012000000000000899
2024-07-29,2024-07-29,29.5792,49.47955,-19.900350000000003,CA,0.023799999999999998,0.9762,-0.9523999999999999,0.04,0.0,0.0008000000000001339
2024-07-30,2024-07-30,29.5792,49.47955,-19.900350000000003,CA,0.023799999999999998,0.9762,-0.9523999999999999,0.04,0.0,0.0
2024-07-31,2024-07-31,29.5792,49.47955,-19.900350000000003,CA,0.024599999999999997,0.9754,-0.9508000000000001,0.04,0.0,0.0015999999999998238
2024-08-01,2024-08-01,29.5792,49.47955,-19.900350000000003,CA,0.023399999999999997,0.9766,-0.9532,0.04,0.0,-0.0023999999999999577
2024-08-02,2024-08-02,29.5792,49.47955,-19.900350000000003,CA,0.0222,0.9778,-0.9556,0.04,0.0,-0.0023999999999999577
2024-08-03,2024-08-03,29.5792,49.47955,-19.900350000000003,CA,0.022,0.978,-0.956,0.04,0.0,-0.00039999999999995595
2024-08-04,2024-08-04,29.5792,49.47955,-19.900350000000003,CA,0.0222,0.9778,-0.9556,0.04,0.0,0.00039999999999995595
2024-08-05,2024-08-05,29.5792,49.47955,-19.900350000000003,CA,0.022,0.978,-0.956,0.04,0.0,-0.00039999999999995595
2024-08-06,2024-08-06,29.5792,49.47955,-19.900350000000003,CA,0.0222,0.9778,-0.9556,0.04,0.0,0.00039999999999995595
2024-08-07,2024-08-07,29.5792,49.47955,-19.900350000000003,CA,0.021400000000000002,0.9786,-0.9572,0.04,0.0,-0.0016000000000000458
2024-08-08,2024-08-08,29.5792,49.47955,-19.900350000000003,CA,0.0202,0.9798,-0.9596,0.04,0.0,-0.0023999999999999577
2024-08-09,2024-08-09,29.5792,49.47955,-19.900350000000003,CA,0.0202,0.9798,-0.9596,0.04,0.0,0.0
2024-08-10,2024-08-10,29.5792,49.47955,-19.900350000000003,CA,0.0202,0.9798,-0.9596,0.04,0.0,0.0
2024-08-11,2024-08-11,29.5792,49.47955,-19.900350000000003,CA,0.0188,0.9812,-0.9623999999999999,0.04,0.0,-0.0027999999999999137
2024-08-12,2024-08-12,29.5792,49.47955,-19.900350000000003,CA,0.0186,0.9814,-0.9628000000000001,0.04,0.0,-0.000400000000000178
2024-08-13,2024-08-13,29.5792,49.47955,-19.900350000000003,CA,0.0186,0.9814,-0.9628000000000001,0.04,0.0,0.0
2024-08-14,2024-08-14,29.5792,49.47955,-19.900350000000003,CA,0.0186,0.9814,-0.9628000000000001,0.04,0.0,0.0
2024-08-15,2024-08-15,29.5792,49.47955,-19.900350000000003,CA,0.0182,0.9818,-0.9636,0.04,0.0,-0.0007999999999999119
2024-08-16,2024-08-16,29.5792,49.47955,-19.900350000000003,CA,0.0178,0.9822,-0.9643999999999999,0.04,0.0,-0.0007999999999999119
2024-08-17,2024-08-17,29.5792,49.47955,-19.900350000000003,CA,0.0182,0.9818,-0.9636,0.04,0.0,0.0007999999999999119
2024-08-18,2024-08-18,29.5792,49.47955,-19.900350000000003,CA,0.019,0.981,-0.962,0.04,0.0,0.0016000000000000458
2024-08-19,2024-08-19,29.5792,49.47955,-19.900350000000003,CA,0.0194,0.9806,-0.9612,0.04,0.0,0.0007999999999999119
2024-08-20,2024-08-20,29.5792,49.47955,-19.900350000000003,CA,0.0194,0.9806,-0.9612,0.04,0.0,0.0
2024-08-21,2024-08-21,29.5792,49.47955,-19.900350000000003,CA,0.0202,0.9798,-0.9596,0.04,0.0,0.0016000000000000458
2024-08-22,2024-08-22,29.5792,49.47955,-19.900350000000003,CA,0.0206,0.9794,-0.9588000000000001,0.04,0.0,0.0007999999999999119
2024-08-23,2024-08-23,29.5792,49.47955,-19.900350000000003,CA,0.0202,0.9798,-0.9596,0.04,0.0,-0.0007999999999999119
2024-08-24,2024-08-24,29.5792,49.47955,-19.900350000000003,CA,0.0202,0.9798,-0.9596,0.04,0.0,0.0
2024-08-25,2024-08-25,29.5792,49.47955,-19.900350000000003,CA,0.0198,0.9802,-0.9603999999999999,0.04,0.0,-0.0007999999999999119
2024-08-26,2024-08-26,29.5792,49.47955,-19.900350000000003,CA,0.0198,0.9802,-0.9603999999999999,0.04,0.0,0.0
2024-08-27,2024-08-27,29.5792,49.47955,-19.900350000000003,CA,0.0202,0.9798,-0.9596,0.04,0.0,0.0007999999999999119
2024-08-28,2024-08-28,29.5792,49.47955,-19.900350000000003,CA,0.0202,0.9798,-0.9596,0.04,0.0,0.0
2024-08-29,2024-08-29,29.5792,49.47955,-19.900350000000003,CA,0.0202,0.9798,-0.9596,0.04,0.0,0.0
2024-08-30,2024-08-30,29.5792,49.47955,-19.900350000000003,CA,0.0202,0.9798,-0.9596,0.04,0.0,0.0
2024-08-31,2024-08-31,29.5792,49.47955,-19.900350000000003,CA,0.0202,0.9798,-0.9596,0.04,0.0,0.0
2024-09-01,2024-09-01,29.5792,49.47955,-19.900350000000003,CA,0.0202,0.9798,-0.9596,0.04,0.0,0.0
2024-09-02,2024-09-02,29.5792,49.47955,-19.900350000000003,CA,0.021,0.979,-0.958,0.04,0.0,0.0016000000000000458
2024-09-03,2024-09-03,33.93195,58.43325,-24.5013,CA,0.021,0.979,-0.958,0.04,-4.600949999999997,0.0
2024-09-04,2024-09-04,34.0168,58.4507,-24.433899999999994,CA,0.021,0.979,-0.958,0.04,0.06740000000000634,0.0
2024-09-05,2024-09-05,33.82485,58.4594,-24.634550000000004,CA,0.021,0.979,-0.958,0.04,-0.2006500000000102,0.0
2024-09-06,2024-09-06,34.39775,58.3598,-23.962049999999998,CA,0.021,0.979,-0.958,0.04,0.6725000000000065,0.0
2024-09-07,2024-09-07,34.363,58.42355,-24.06055,CA,0.0206,0.9794,-0.9588000000000001,0.04,-0.09850000000000136,-0.0008000000000001339
2024-09-08,2024-09-08,34.4803,58.41535,-23.935049999999997,CA,0.0206,0.9794,-0.9588000000000001,0.04,0.1255000000000024,0.0
2024-09-09,2024-09-09,34.535849999999996,58.4314,-23.89555,CA,0.021400000000000002,0.9786,-0.9572,0.04,0.03949999999999676,0.0016000000000000458
2024-09-10,2024-09-10,34.445750000000004,58.28445,-23.838699999999996,CA,0.021400000000000002,0.9786,-0.9572,0.04,0.056850000000004286,0.0
2024-09-11,2024-09-11,34.441599999999994,58.2682,-23.826600000000006,CA,0.021400000000000002,0.9786,-0.9572,0.04,0.012099999999989564,0.0
2024-09-12,2024-09-12,34.417950000000005,58.30125,-23.8833,CA,0.0202,0.9798,-0.9596,0.04,-0.0566999999999922,-0.0023999999999999577
2024-09-13,2024-09-13,34.417950000000005,58.30125,-23.8833,CA,0.0202,0.9798,-0.9596,0.04,0.0,0.0
2024-09-14,2024-09-14,34.417950000000005,58.30125,-23.8833,CA,0.0202,0.9798,-0.9596,0.04,0.0,0.0
2024-09-15,2024-09-15,34.417950000000005,58.30125,-23.8833,CA,0.0198,0.9802,-0.9603999999999999,0.04,0.0,-0.0007999999999999119
2024-09-16,2024-09-16,34.417950000000005,58.30125,-23.8833,CA,0.0198,0.9802,-0.9603999999999999,0.04,0.0,0.0
2024-09-17,2024-09-17,34.417950000000005,58.30125,-23.8833,CA,0.0198,0.9802,-0.9603999999999999,0.04,0.0,0.0
2024-09-18,2024-09-18,34.417950000000005,58.30125,-23.8833,CA,0.0198,0.9802,-0.9603999999999999,0.04,0.0,0.0
2024-09-19,2024-09-19,34.417950000000005,58.30125,-23.8833,CA,0.0194,0.9806,-0.9612,0.04,0.0,-0.0008000000000001339
2024-09-20,2024-09-20,34.417950000000005,58.30125,-23.8833,CA,0.019,0.981,-0.962,0.04,0.0,-0.0007999999999999119
2024-09-21,2024-09-21,34.417950000000005,58.30125,-23.8833,CA,0.0194,0.9806,-0.9612,0.04,0.0,0.0007999999999999119
2024-09-22,2024-09-22,34.417950000000005,58.30125,-23.8833,CA,0.0194,0.9806,-0.9612,0.04,0.0,0.0
2024-09-23,2024-09-23,34.417950000000005,58.30125,-23.8833,CA,0.019,0.981,-0.962,0.04,0.0,-0.0007999999999999119
2024-09-24,2024-09-24,34.417950000000005,58.30125,-23.8833,CA,0.0194,0.9806,-0.9612,0.04,0.0,0.0007999999999999119
2024-09-25,2024-09-25,34.417950000000005,58.30125,-23.8833,CA,0.0194,0.9806,-0.9612,0.04,0.0,0.0
2024-09-26,2024-09-26,34.417950000000005,58.30125,-23.8833,CA,0.0198,0.9802,-0.9603999999999999,0.04,0.0,0.0008000000000001339
2024-09-27,2024-09-27,34.417950000000005,58.30125,-23.8833,CA,0.0198,0.9802,-0.9603999999999999,0.04,0.0,0.0
2024-09-28,2024-09-28,34.417950000000005,58.30125,-23.8833,CA,0.0198,0.9802,-0.9603999999999999,0.04,0.0,0.0
2024-09-29,2024-09-29,34.417950000000005,58.30125,-23.8833,CA,0.0198,0.9802,-0.9603999999999999,0.04,0.0,0.0
2024-09-30,2024-09-30,34.417950000000005,58.30125,-23.8833,CA,0.0198,0.9802,-0.9603999999999999,0.04,0.0,0.0
2024-10-01,2024-10-01,34.417950000000005,58.30125,-23.8833,CA,0.0198,0.9802,-0.9603999999999999,0.04,0.0,0.0
2024-10-02,2024-10-02,34.417950000000005,58.30125,-23.8833,CA,0.0198,0.9802,-0.9603999999999999,0.04,0.0,0.0
2024-10-03,2024-10-03,34.417950000000005,58.30125,-23.8833,CA,0.0202,0.9798,-0.9596,0.04,0.0,0.0007999999999999119
2024-10-04,2024-10-04,34.417950000000005,58.30125,-23.8833,CA,0.0202,0.9798,-0.9596,0.04,0.0,0.0
2024-10-05,2024-10-05,34.417950000000005,58.30125,-23.8833,CA,0.0202,0.9798,-0.9596,0.04,0.0,0.0
2024-10-06,2024-10-06,34.417950000000005,58.30125,-23.8833,CA,0.0202,0.9798,-0.9596,0.04,0.0,0.0
2024-10-07,2024-10-07,34.417950000000005,58.30125,-23.8833,CA,0.0206,0.9794,-0.9588000000000001,0.04,0.0,0.0007999999999999119
2024-10-08,2024-10-08,34.417950000000005,58.30125,-23.8833,CA,0.021400000000000002,0.9786,-0.9572,0.04,0.0,0.0016000000000000458
2024-10-09,2024-10-09,34.417950000000005,58.30125,-23.8833,CA,0.021400000000000002,0.9786,-0.9572,0.04,0.0,0.0
2024-10-10,2024-10-10,34.417950000000005,58.30125,-23.8833,CA,0.0216,0.9784,-0.9568000000000001,0.04,0.0,0.00039999999999995595
2024-10-11,2024-10-11,34.417950000000005,58.30125,-23.8833,CA,0.0224,0.9776,-0.9552,0.04,0.0,0.0016000000000000458
2024-10-12,2024-10-12,34.417950000000005,58.30125,-23.8833,CA,0.0218,0.9782,-0.9563999999999999,0.04,0.0,-0.0011999999999998678
2024-10-13,2024-10-13,34.417950000000005,58.30125,-23.8833,CA,0.0222,0.9778,-0.9556,0.04,0.0,0.0007999999999999119
2024-10-14,2024-10-14,34.417950000000005,58.30125,-23.8833,CA,0.0222,0.9778,-0.9556,0.04,0.0,0.0
2024-10-15,2024-10-15,34.417950000000005,58.30125,-23.8833,CA,0.0222,0.9778,-0.9556,0.04,0.0,0.0
2024-10-16,2024-10-16,34.417950000000005,58.30125,-23.8833,CA,0.023,0.977,-0.954,0.04,0.0,0.0016000000000000458
2024-10-17,2024-10-17,34.417950000000005,58.30125,-23.8833,CA,0.023799999999999998,0.9762,-0.9523999999999999,0.04,0.0,0.0016000000000000458
2024-10-18,2024-10-18,34.417950000000005,58.30125,-23.8833,CA,0.024399999999999998,0.9756,-0.9512,0.04,0.0,0.0011999999999998678
2024-10-19,2024-10-19,34.417950000000005,58.30125,-23.8833,CA,0.023799999999999998,0.9762,-0.9523999999999999,0.04,0.0,-0.0011999999999998678
2024-10-20,2024-10-20,34.417950000000005,58.30125,-23.8833,CA,0.023799999999999998,0.9762,-0.9523999999999999,0.04,0.0,0.0
2024-10-21,2024-10-21,34.417950000000005,58.30125,-23.8833,CA,0.024,0.976,-0.952,0.04,0.0,0.00039999999999995595
2024-10-22,2024-10-22,34.417950000000005,58.30125,-23.8833,CA,0.0256,0.9744,-0.9488000000000001,0.04,0.0,0.0031999999999998696
2024-10-23,2024-10-23,34.417950000000005,58.30125,-23.8833,CA,0.0258,0.9742,-0.9483999999999999,0.04,0.0,0.000400000000000178
2024-10-24,2024-10-24,34.417950000000005,58.30125,-23.8833,CA,0.0248,0.9752,-0.9503999999999999,0.04,0.0,-0.0020000000000000018
2024-10-25,2024-10-25,34.417950000000005,58.30125,-23.8833,CA,0.0252,0.9748,-0.9496,0.04,0.0,0.0007999999999999119
2024-10-26,2024-10-26,34.417950000000005,58.30125,-23.8833,CA,0.0256,0.9744,-0.9488000000000001,0.04,0.0,0.0007999999999999119
2024-10-27,2024-10-27,34.417950000000005,58.30125,-23.8833,CA,0.0258,0.9742,-0.9483999999999999,0.04,0.0,0.000400000000000178
2024-10-28,2024-10-28,34.417950000000005,58.30125,-23.8833,CA,0.0262,0.9738,-0.9476,0.04,0.0,0.0007999999999999119
2024-10-29,2024-10-29,34.417950000000005,58.30125,-23.8833,CA,0.026600000000000002,0.9734,-0.9468000000000001,0.04,0.0,0.0007999999999999119
2024-10-30,2024-10-30,34.417950000000005,58.30125,-23.8833,CA,0.026600000000000002,0.9734,-0.9468000000000001,0.04,0.0,0.0
2024-10-31,2024-10-31,34.417950000000005,58.30125,-23.8833,CA,0.0262,0.9738,-0.9476,0.04,0.0,-0.0007999999999999119
2024-11-01,2024-11-01,34.417950000000005,58.30125,-23.8833,CA,0.0254,0.9746,-0.9492,0.04,0.0,-0.0016000000000000458
2024-11-02,2024-11-02,34.417950000000005,58.30125,-23.8833,CA,0.023,0.977,-0.954,0.04,0.0,-0.0047999999999999154
2024-11-03,2024-11-03,34.417950000000005,58.30125,-23.8833,CA,0.0222,0.9778,-0.9556,0.04,0.0,-0.0016000000000000458
2024-11-04,2024-11-04,34.417950000000005,58.30125,-23.8833,CA,0.0224,0.9776,-0.9552,0.04,0.0,0.00039999999999995595
2024-11-05,2024-11-05,34.417950000000005,58.30125,-23.8833,CA,0.0232,0.9768,-0.9536,0.04,0.0,0.0016000000000000458
2024-03-08,2024-03-08,45.943650000000005,37.3915,8.552150000000005,TX,0.9002,0.0998,0.8004,0.2,,
2024-03-09,2024-03-09,45.9052,37.47405,8.431150000000002,TX,0.9006000000000001,0.09939999999999993,0.8012000000000001,0.2,-0.12100000000000222,0.0008000000000001339
2024-03-10,2024-03-10,45.8185,37.40215,8.416350000000001,TX,0.9006000000000001,0.09939999999999993,0.8012000000000001,0.2,-0.014800000000001035,0.0
2024-03-11,2024-03-11,45.8254,37.56765,8.257750000000001,TX,0.9006000000000001,0.09939999999999993,0.8012000000000001,0.2,-0.15859999999999985,0.0
2024-03-12,2024-03-12,45.729699999999994,37.94385,7.785849999999996,TX,0.9006000000000001,0.09939999999999993,0.8012000000000001,0.2,-0.4719000000000051,0.0
2024-03-13,2024-03-13,45.794,38.0894,7.704599999999999,TX,0.9006000000000001,0.09939999999999993,0.8012000000000001,0.2,-0.08124999999999716,0.0
2024-03-14,2024-03-14,46.132549999999995,38.06255,8.069999999999993,TX,0.901,0.09899999999999998,0.802,0.2,0.36539999999999395,0.0007999999999999119
2024-03-15,2024-03-15,46.088,37.91645,8.171550000000003,TX,0.901,0.09899999999999998,0.802,0.2,0.10155000000001024,0.0
2024-03-16,2024-03-16,46.00375,37.94075,8.062999999999995,TX,0.901,0.09899999999999998,0.802,0.2,-0.10855000000000814,0.0
2024-03-17,2024-03-17,46.12005,38.0705,8.049549999999996,TX,0.901,0.09899999999999998,0.802,0.2,-0.013449999999998852,0.0
2024-03-18,2024-03-18,45.90495,38.15765,7.747300000000003,TX,0.901,0.09899999999999998,0.802,0.2,-0.3022499999999937,0.0
2024-03-19,2024-03-19,45.7894,38.2911,7.4983,TX,0.901,0.09899999999999998,0.802,0.2,-0.24900000000000233,0.0
2024-03-20,2024-03-20,45.7849,38.3098,7.475099999999998,TX,0.901,0.09899999999999998,0.802,0.2,-0.023200000000002774,0.0
2024-03-21,2024-03-21,45.87895,38.409949999999995,7.469000000000008,TX,0.901,0.09899999999999998,0.802,0.2,-0.006099999999989336,0.0
2024-03-22,2024-03-22,45.94705,38.2796,7.667449999999995,TX,0.901,0.09899999999999998,0.802,0.2,0.19844999999998691,0.0
2024-03-23,2024-03-23,45.96415,38.30645,7.657699999999998,TX,0.901,0.09899999999999998,0.802,0.2,-0.009749999999996817,0.0
2024-03-24,2024-03-24,45.8545,38.32955,7.524950000000004,TX,0.901,0.09899999999999998,0.802,0.2,-0.13274999999999437,0.0
2024-03-25,2024-03-25,45.8712,38.572,7.299199999999999,TX,0.901,0.09899999999999998,0.802,0.2,-0.225750000000005,0.0
2024-03-26,2024-03-26,46.721,36.58,10.140999999999998,TX,0.901,0.09899999999999998,0.802,0.2,2.841799999999999,0.0
2024-03-27,2024-03-27,46.9978,36.3097,10.688099999999999,TX,0.901,0.09899999999999998,0.802,0.2,0.5471000000000004,0.0
2024-03-28,2024-03-28,46.92955,36.226,10.70355,TX,0.901,0.09899999999999998,0.802,0.2,0.015450000000001296,0.0
2024-03-29,2024-03-29,46.971999999999994,36.05935,10.912649999999992,TX,0.901,0.09899999999999998,0.802,0.2,0.2090999999999923,0.0
2024-03-30,2024-03-30,46.87825,36.102450000000005,10.775799999999997,TX,0.901,0.09899999999999998,0.802,0.2,-0.13684999999999548,0.0
2024-03-31,2024-03-31,46.8576,36.096900000000005,10.760699999999993,TX,0.901,0.09899999999999998,0.802,0.2,-0.015100000000003888,0.0
2024-04-01,2024-04-01,46.8896,36.147,10.742600000000003,TX,0.901,0.09899999999999998,0.802,0.2,-0.01809999999998979,0.0
2024-04-02,2024-04-02,46.39095,36.2316,10.159349999999996,TX,0.901,0.09899999999999998,0.802,0.2,-0.5832500000000067,0.0
2024-04-03,2024-04-03,46.41425,36.57035,9.843900000000005,TX,0.901,0.09899999999999998,0.802,0.2,-0.31544999999999135,0.0
2024-04-04,2024-04-04,46.29075,36.708200000000005,9.582549999999998,TX,0.901,0.09899999999999998,0.802,0.2,-0.2613500000000073,0.0
2024-04-05,2024-04-05,46.27055,36.6336,9.636949999999999,TX,0.901,0.09899999999999998,0.802,0.2,0.054400000000001114,0.0
2024-04-06,2024-04-06,46.2085,36.6143,9.5942,TX,0.901,0.09899999999999998,0.802,0.2,-0.04274999999999807,0.0
2024-04-07,2024-04-07,46.27545,36.4827,9.792749999999998,TX,0.901,0.09899999999999998,0.802,0.2,0.19854999999999734,0.0
2024-04-08,2024-04-08,46.09465,36.4581,9.63655,TX,0.901,0.09899999999999998,0.802,0.2,-0.15619999999999834,0.0
2024-04-09,2024-04-09,46.10365,36.48595,9.6177,TX,0.901,0.09899999999999998,0.802,0.2,-0.018850000000000477,0.0
2024-04-10,2024-04-10,46.03335,36.4556,9.577750000000002,TX,0.901,0.09899999999999998,0.802,0.2,-0.03994999999999749,0.0
2024-04-11,2024-04-11,46.48225,36.46705,10.0152,TX,0.9006000000000001,0.09939999999999993,0.8012000000000001,0.2,0.43744999999999834,-0.0007999999999999119
2024-04-12,2024-04-12,46.45735,36.36835,10.088999999999999,TX,0.9006000000000001,0.09939999999999993,0.8012000000000001,0.2,0.07379999999999853,0.0
2024-04-13,2024-04-13,46.4403,36.4807,9.959600000000002,TX,0.9006000000000001,0.09939999999999993,0.8012000000000001,0.2,-0.12939999999999685,0.0
2024-04-14,2024-04-14,46.28215,36.378699999999995,9.903450000000007,TX,0.9006000000000001,0.09939999999999993,0.8012000000000001,0.2,-0.05614999999999526,0.0
2024-04-15,2024-04-15,46.24135,36.35745,9.883899999999997,TX,0.9006000000000001,0.09939999999999993,0.8012000000000001,0.2,-0.019550000000009504,0.0
2024-04-16,2024-04-16,45.8969,36.3271,9.5698,TX,0.9006000000000001,0.09939999999999993,0.8012000000000001,0.2,-0.31409999999999627,0.0
2024-04-17,2024-04-17,46.1914,36.281949999999995,9.909450000000007,TX,0.9006000000000001,0.09939999999999993,0.8012000000000001,0.2,0.339650000000006,0.0
2024-04-18,2024-04-18,46.2585,36.42785,9.830649999999999,TX,0.9006000000000001,0.09939999999999993,0.8012000000000001,0.2,-0.0788000000000082,0.0
2024-04-19,2024-04-19,46.2056,36.341,9.864599999999996,TX,0.9006000000000001,0.09939999999999993,0.8012000000000001,0.2,0.03394999999999726,0.0
2024-04-20,2024-04-20,46.10595,36.178799999999995,9.927150000000005,TX,0.9006000000000001,0.09939999999999993,0.8012000000000001,0.2,0.06255000000000877,0.0
2024-04-21,2024-04-21,46.0491,36.0459,10.0032,TX,0.9006000000000001,0.09939999999999993,0.8012000000000001,0.2,0.07604999999999507,0.0
2024-04-22,2024-04-22,45.7458,36.3126,9.4332,TX,0.9006000000000001,0.09939999999999993,0.8012000000000001,0.2,-0.5700000000000003,0.0
2024-04-23,2024-04-23,45.8127,36.26925,9.54345,TX,0.9006000000000001,0.09939999999999993,0.8012000000000001,0.2,0.11025000000000063,0.0
2024-04-24,2024-04-24,46.0426,36.254549999999995,9.788050000000005,TX,0.9006000000000001,0.09939999999999993,0.8012000000000001,0.2,0.24460000000000548,0.0
2024-04-25,2024-04-25,45.88065,36.3314,9.54925,TX,0.8994,0.10060000000000002,0.7988,0.2,-0.2388000000000048,-0.0024000000000001798
2024-04-26,2024-04-26,46.134600000000006,36.2212,9.913400000000003,TX,0.9002,0.0998,0.8004,0.2,0.3641500000000022,0.0016000000000000458
2024-04-27,2024-04-27,46.24605,36.16,10.08605,TX,0.9002,0.0998,0.8004,0.2,0.1726499999999973,0.0
2024-04-28,2024-04-28,46.37520000000001,36.0424,10.332800000000006,TX,0.9002,0.0998,0.8004,0.2,0.2467500000000058,0.0
2024-04-29,2024-04-29,46.488,36.01545,10.472549999999998,TX,0.9002,0.0998,0.8004,0.2,0.13974999999999227,0.0
2024-04-30,2024-04-30,46.3251,36.2777,10.047399999999996,TX,0.9002,0.0998,0.8004,0.2,-0.42515000000000214,0.0
2024-05-01,2024-05-01,45.74725,35.840199999999996,9.907050000000005,TX,0.9002,0.0998,0.8004,0.2,-0.14034999999999087,0.0
2024-05-02,2024-05-02,45.567499999999995,35.7251,9.842399999999998,TX,0.9002,0.0998,0.8004,0.2,-0.06465000000000742,0.0
2024-05-03,2024-05-03,45.83155,35.6342,10.19735,TX,0.899,0.10099999999999998,0.798,0.2,0.3549500000000023,-0.0023999999999999577
2024-05-04,2024-05-04,45.82595,35.709599999999995,10.116350000000004,TX,0.899,0.10099999999999998,0.798,0.2,-0.08099999999999596,0.0
2024-05-05,2024-05-05,45.9119,35.59675,10.315150000000003,TX,0.899,0.10099999999999998,0.798,0.2,0.19879999999999853,0.0
2024-05-06,2024-05-06,45.69955,35.52765,10.1719,TX,0.899,0.10099999999999998,0.798,0.2,-0.14325000000000188,0.0
2024-05-07,2024-05-07,45.6092,35.48775,10.121450000000003,TX,0.899,0.10099999999999998,0.798,0.2,-0.050449999999997885,0.0
2024-05-08,2024-05-08,45.837599999999995,35.76265,10.074949999999994,TX,0.899,0.10099999999999998,0.798,0.2,-0.04650000000000887,0.0
2024-05-09,2024-05-09,45.7735,35.77365,9.999849999999995,TX,0.899,0.10099999999999998,0.798,0.2,-0.07509999999999906,0.0
2024-05-10,2024-05-10,45.73535,35.71275,10.022599999999997,TX,0.8994,0.10060000000000002,0.7988,0.2,0.022750000000002046,0.0007999999999999119
2024-05-11,2024-05-11,45.72555,35.82645,9.899099999999997,TX,0.8994,0.10060000000000002,0.7988,0.2,-0.12349999999999994,0.0
2024-05-12,2024-05-12,45.70025,35.7527,9.94755,TX,0.8994,0.10060000000000002,0.7988,0.2,0.04845000000000255,0.0
2024-05-13,2024-05-13,45.5185,35.4897,10.028800000000004,TX,0.8994,0.10060000000000002,0.7988,0.2,0.08125000000000426,0.0
2024-05-14,2024-05-14,45.59515,35.3494,10.245749999999994,TX,0.9002,0.0998,0.8004,0.2,0.21694999999998998,0.0016000000000000458
2024-05-15,2024-05-15,45.73725,35.53385,10.203400000000002,TX,0.9002,0.0998,0.8004,0.2,-0.042349999999991894,0.0
2024-05-16,2024-05-16,45.7165,35.50125,10.215250000000005,TX,0.9002,0.0998,0.8004,0.2,0.01185000000000258,0.0
2024-05-17,2024-05-17,45.75135,35.52585,10.225500000000004,TX,0.9002,0.0998,0.8004,0.2,0.010249999999999204,0.0
2024-05-18,2024-05-18,45.6787,35.53935,10.13935,TX,0.9006000000000001,0.09939999999999993,0.8012000000000001,0.2,-0.0861500000000035,0.0008000000000001339
2024-05-19,2024-05-19,45.57275,35.353750000000005,10.218999999999994,TX,0.9006000000000001,0.09939999999999993,0.8012000000000001,0.2,0.07964999999999378,0.0
2024-05-20,2024-05-20,45.6298,34.9842,10.645600000000002,TX,0.9012,0.0988,0.8024,0.2,0.42660000000000764,0.0011999999999998678
2024-05-21,2024-05-21,45.6023,35.2658,10.336500000000001,TX,0.902,0.09799999999999998,0.804,0.2,-0.3091000000000008,0.0016000000000000458
2024-05-22,2024-05-22,45.3584,35.43575,9.922650000000004,TX,0.9022,0.0978,0.8044,0.2,-0.4138499999999965,0.00039999999999995595
2024-05-23,2024-05-23,45.4194,34.9476,10.471800000000002,TX,0.9018,0.09819999999999995,0.8036000000000001,0.2,0.5491499999999974,-0.0007999999999999119
2024-05-24,2024-05-24,45.61465,34.803650000000005,10.810999999999993,TX,0.9018,0.09819999999999995,0.8036000000000001,0.2,0.33919999999999106,0.0
2024-05-25,2024-05-25,45.66355,34.83225,10.831299999999999,TX,0.9022,0.0978,0.8044,0.2,0.02030000000000598,0.0007999999999999119
2024-05-26,2024-05-26,45.6657,34.787,10.878700000000002,TX,0.9022,0.0978,0.8044,0.2,0.04740000000000322,0.0
2024-05-27,2024-05-27,45.57825,34.82525,10.753,TX,0.9022,0.0978,0.8044,0.2,-0.12570000000000192,0.0
2024-05-28,2024-05-28,45.6125,34.81505,10.797449999999998,TX,0.9022,0.0978,0.8044,0.2,0.04444999999999766,0.0
2024-05-29,2024-05-29,45.36205,34.77525,10.586800000000004,TX,0.9026000000000001,0.09739999999999993,0.8052000000000001,0.2,-0.210649999999994,0.0008000000000001339
2024-05-30,2024-05-30,45.5592,34.421099999999996,11.138100000000001,TX,0.9026000000000001,0.09739999999999993,0.8052000000000001,0.2,0.5512999999999977,0.0
2024-05-31,2024-05-31,45.5592,34.421099999999996,11.138100000000001,TX,0.9026000000000001,0.09739999999999993,0.8052000000000001,0.2,0.0,0.0
2024-06-01,2024-06-01,45.5592,34.421099999999996,11.138100000000001,TX,0.9022,0.0978,0.8044,0.2,0.0,-0.0008000000000001339
2024-06-02,2024-06-02,45.5592,34.421099999999996,11.138100000000001,TX,0.9022,0.0978,0.8044,0.2,0.0,0.0
2024-06-03,2024-06-03,45.5592,34.421099999999996,11.138100000000001,TX,0.9022,0.0978,0.8044,0.2,0.0,0.0
2024-06-04,2024-06-04,45.5592,34.421099999999996,11.138100000000001,TX,0.9026000000000001,0.09739999999999993,0.8052000000000001,0.2,0.0,0.0008000000000001339
2024-06-05,2024-06-05,45.5592,34.421099999999996,11.138100000000001,TX,0.9026000000000001,0.09739999999999993,0.8052000000000001,0.2,0.0,0.0
2024-06-06,2024-06-06,45.5592,34.421099999999996,11.138100000000001,TX,0.9026000000000001,0.09739999999999993,0.8052000000000001,0.2,0.0,0.0
2024-06-07,2024-06-07,45.5592,34.421099999999996,11.138100000000001,TX,0.9026000000000001,0.09739999999999993,0.8052000000000001,0.2,0.0,0.0
2024-06-08,2024-06-08,45.5592,34.421099999999996,11.138100000000001,TX,0.9026000000000001,0.09739999999999993,0.8052000000000001,0.2,0.0,0.0
2024-06-09,2024-06-09,45.5592,34.421099999999996,11.138100000000001,TX,0.9026000000000001,0.09739999999999993,0.8052000000000001,0.2,0.0,0.0
2024-06-10,2024-06-10,45.5592,34.421099999999996,11.138100000000001,TX,0.9026000000000001,0.09739999999999993,0.8052000000000001,0.2,0.0,0.0
2024-06-11,2024-06-11,45.5592,34.421099999999996,11.138100000000001,TX,0.9026000000000001,0.09739999999999993,0.8052000000000001,0.2,0.0,0.0
2024-06-12,2024-06-12,45.5592,34.421099999999996,11.138100000000001,TX,0.9026000000000001,0.09739999999999993,0.8052000000000001,0.2,0.0,0.0
2024-06-13,2024-06-13,45.5592,34.421099999999996,11.138100000000001,TX,0.9026000000000001,0.09739999999999993,0.8052000000000001,0.2,0.0,0.0
2024-06-14,2024-06-14,45.5592,34.421099999999996,11.138100000000001,TX,0.9026000000000001,0.09739999999999993,0.8052000000000001,0.2,0.0,0.0
2024-06-15,2024-06-15,45.5592,34.421099999999996,11.138100000000001,TX,0.9026000000000001,0.09739999999999993,0.8052000000000001,0.2,0.0,0.0
2024-06-16,2024-06-16,45.5592,34.421099999999996,11.138100000000001,TX,0.9026000000000001,0.09739999999999993,0.8052000000000001,0.2,0.0,0.0
2024-06-17,2024-06-17,45.5592,34.421099999999996,11.138100000000001,TX,0.9026000000000001,0.09739999999999993,0.8052000000000001,0.2,0.0,0.0
2024-06-18,2024-06-18,45.5592,34.421099999999996,11.138100000000001,TX,0.9026000000000001,0.09739999999999993,0.8052000000000001,0.2,0.0,0.0
2024-06-19,2024-06-19,45.5592,34.421099999999996,11.138100000000001,TX,0.9026000000000001,0.09739999999999993,0.8052000000000001,0.2,0.0,0.0
2024-06-20,2024-06-20,45.5592,34.421099999999996,11.138100000000001,TX,0.9026000000000001,0.09739999999999993,0.8052000000000001,0.2,0.0,0.0
2024-06-21,2024-06-21,45.5592,34.421099999999996,11.138100000000001,TX,0.9026000000000001,0.09739999999999993,0.8052000000000001,0.2,0.0,0.0
2024-06-22,2024-06-22,45.5592,34.421099999999996,11.138100000000001,TX,0.9026000000000001,0.09739999999999993,0.8052000000000001,0.2,0.0,0.0
2024-06-23,2024-06-23,45.5592,34.421099999999996,11.138100000000001,TX,0.903,0.09699999999999998,0.806,0.2,0.0,0.0007999999999999119
2024-06-24,2024-06-24,45.5592,34.421099999999996,11.138100000000001,TX,0.9038,0.09619999999999995,0.8076000000000001,0.2,0.0,0.0016000000000000458
2024-06-25,2024-06-25,45.5592,34.421099999999996,11.138100000000001,TX,0.9034,0.09660000000000002,0.8068,0.2,0.0,-0.0008000000000001339
2024-06-26,2024-06-26,43.42355,36.34995,7.073599999999999,TX,0.9038,0.09619999999999995,0.8076000000000001,0.2,-4.0645000000000024,0.0008000000000001339
2024-06-27,2024-06-27,43.460449999999994,36.35905,7.101399999999991,TX,0.9042,0.0958,0.8084,0.2,0.027799999999992053,0.0007999999999999119
2024-06-28,2024-06-28,43.78935,36.042550000000006,7.746799999999993,TX,0.9042,0.0958,0.8084,0.2,0.6454000000000022,0.0
2024-06-29,2024-06-29,43.9157,35.8921,8.023600000000002,TX,0.905,0.09499999999999997,0.81,0.2,0.2768000000000086,0.0016000000000000458
2024-06-30,2024-06-30,44.153400000000005,35.80585,8.347550000000005,TX,0.905,0.09499999999999997,0.81,0.2,0.3239500000000035,0.0
2024-07-01,2024-07-01,44.2063,35.786550000000005,8.419749999999993,TX,0.9046000000000001,0.09539999999999993,0.8092000000000001,0.2,0.07219999999998805,-0.0007999999999999119
2024-07-02,2024-07-02,44.33525,35.7966,8.538650000000004,TX,0.9052,0.0948,0.8104,0.2,0.11890000000001066,0.0011999999999998678
2024-07-03,2024-07-03,44.59295,35.38975,9.203200000000002,TX,0.9062,0.0938,0.8124,0.2,0.6645499999999984,0.0020000000000000018
2024-07-04,2024-07-04,45.0044,35.3791,9.625299999999996,TX,0.9052,0.0948,0.8104,0.2,0.42209999999999326,-0.0020000000000000018
2024-07-05,2024-07-05,44.66235,34.992599999999996,9.669750000000008,TX,0.905,0.09499999999999997,0.81,0.2,0.04445000000001187,-0.00039999999999995595
2024-07-06,2024-07-06,44.4423,35.196600000000004,9.2457,TX,0.9048,0.09519999999999995,0.8096000000000001,0.2,-0.42405000000000825,-0.00039999999999995595
2024-07-07,2024-07-07,44.59795,35.30455,9.293399999999998,TX,0.9054,0.09460000000000002,0.8108,0.2,0.047699999999998965,0.0011999999999998678
2024-07-08,2024-07-08,44.3146,35.5714,8.743200000000002,TX,0.905,0.09499999999999997,0.81,0.2,-0.5501999999999967,-0.0007999999999999119
2024-07-09,2024-07-09,44.38725,35.813,8.57425,TX,0.905,0.09499999999999997,0.81,0.2,-0.16895000000000238,0.0
2024-07-10,2024-07-10,44.72485,36.230149999999995,8.494700000000009,TX,0.905,0.09499999999999997,0.81,0.2,-0.07954999999999046,0.0
2024-07-11,2024-07-11,44.94285,36.4342,8.508650000000003,TX,0.905,0.09499999999999997,0.81,0.2,0.013949999999994134,0.0
2024-07-12,2024-07-12,44.76965,36.6001,8.169550000000001,TX,0.9054,0.09460000000000002,0.8108,0.2,-0.33910000000000196,0.0007999999999999119
2024-07-13,2024-07-13,44.7629,36.543099999999995,8.219800000000006,TX,0.905,0.09499999999999997,0.81,0.2,0.05025000000000546,-0.0007999999999999119
2024-07-14,2024-07-14,44.76895,36.573049999999995,8.195900000000002,TX,0.9072,0.0928,0.8144,0.2,-0.023900000000004695,0.0043999999999999595
2024-07-15,2024-07-15,44.957,36.5082,8.448799999999999,TX,0.9096000000000001,0.09039999999999992,0.8192000000000002,0.2,0.2528999999999968,0.0048000000000001375
2024-07-16,2024-07-16,45.05135,36.80505,8.246299999999998,TX,0.9086000000000001,0.09139999999999993,0.8172000000000001,0.2,-0.20250000000000057,-0.0020000000000000018
2024-07-17,2024-07-17,45.05135,36.80505,8.246299999999998,TX,0.9078,0.09219999999999995,0.8156000000000001,0.2,0.0,-0.0016000000000000458
2024-07-18,2024-07-18,45.05135,36.80505,8.246299999999998,TX,0.9082,0.09179999999999999,0.8164,0.2,0.0,0.0007999999999999119
2024-07-19,2024-07-19,45.05135,36.80505,8.246299999999998,TX,0.905,0.09499999999999997,0.81,0.2,0.0,-0.006399999999999961
2024-07-20,2024-07-20,45.05135,36.80505,8.246299999999998,TX,0.9066000000000001,0.09339999999999993,0.8132000000000001,0.2,0.0,0.0032000000000000917
2024-07-21,2024-07-21,46.4417,37.31245,9.129249999999999,TX,0.9064,0.09360000000000002,0.8128,0.2,0.882950000000001,-0.000400000000000178
2024-07-22,2024-07-22,46.4417,37.31245,9.129249999999999,TX,0.9054,0.09460000000000002,0.8108,0.2,0.0,-0.0020000000000000018
2024-07-23,2024-07-23,46.4417,37.31245,9.129249999999999,TX,0.905,0.09499999999999997,0.81,0.2,0.0,-0.0007999999999999119
2024-07-24,2024-07-24,46.4417,37.31245,9.129249999999999,TX,0.9046000000000001,0.09539999999999993,0.8092000000000001,0.2,0.0,-0.0007999999999999119
2024-07-25,2024-07-25,46.4417,37.31245,9.129249999999999,TX,0.9052,0.0948,0.8104,0.2,0.0,0.0011999999999998678
2024-07-26,2024-07-26,46.4417,37.31245,9.129249999999999,TX,0.905,0.09499999999999997,0.81,0.2,0.0,-0.00039999999999995595
2024-07-27,2024-07-27,46.4417,37.31245,9.129249999999999,TX,0.904,0.09599999999999997,0.808,0.2,0.0,-0.0020000000000000018
2024-07-28,2024-07-28,46.4417,37.31245,9.129249999999999,TX,0.9034,0.09660000000000002,0.8068,0.2,0.0,-0.0012000000000000899
2024-07-29,2024-07-29,46.4417,37.31245,9.129249999999999,TX,0.9038,0.09619999999999995,0.8076000000000001,0.2,0.0,0.0008000000000001339
2024-07-30,2024-07-30,46.4417,37.31245,9.129249999999999,TX,0.9038,0.09619999999999995,0.8076000000000001,0.2,0.0,0.0
2024-07-31,2024-07-31,46.4417,37.31245,9.129249999999999,TX,0.9046000000000001,0.09539999999999993,0.8092000000000001,0.2,0.0,0.0016000000000000458
2024-08-01,2024-08-01,46.4417,37.31245,9.129249999999999,TX,0.9034,0.09660000000000002,0.8068,0.2,0.0,-0.0024000000000001798
2024-08-02,2024-08-02,46.4417,37.31245,9.129249999999999,TX,0.9022,0.0978,0.8044,0.2,0.0,-0.0023999999999999577
2024-08-03,2024-08-03,46.4417,37.31245,9.129249999999999,TX,0.902,0.09799999999999998,0.804,0.2,0.0,-0.00039999999999995595
2024-08-04,2024-08-04,46.4417,37.31245,9.129249999999999,TX,0.9022,0.0978,0.8044,0.2,0.0,0.00039999999999995595
2024-08-05,2024-08-05,46.4417,37.31245,9.129249999999999,TX,0.902,0.09799999999999998,0.804,0.2,0.0,-0.00039999999999995595
2024-08-06,2024-08-06,46.4417,37.31245,9.129249999999999,TX,0.9022,0.0978,0.8044,0.2,0.0,0.00039999999999995595
2024-08-07,2024-08-07,46.4417,37.31245,9.129249999999999,TX,0.9014,0.09860000000000002,0.8028,0.2,0.0,-0.0016000000000000458
2024-08-08,2024-08-08,46.4417,37.31245,9.129249999999999,TX,0.9002,0.0998,0.8004,0.2,0.0,-0.0023999999999999577
2024-08-09,2024-08-09,46.4417,37.31245,9.129249999999999,TX,0.9002,0.0998,0.8004,0.2,0.0,0.0
2024-08-10,2024-08-10,46.4417,37.31245,9.129249999999999,TX,0.9002,0.0998,0.8004,0.2,0.0,0.0
2024-08-11,2024-08-11,46.4417,37.31245,9.129249999999999,TX,0.8988,0.10119999999999996,0.7976000000000001,0.2,0.0,-0.0027999999999999137
2024-08-12,2024-08-12,46.4417,37.31245,9.129249999999999,TX,0.8986000000000001,0.10139999999999993,0.7972000000000001,0.2,0.0,-0.00039999999999995595
2024-08-13,2024-08-13,46.4417,37.31245,9.129249999999999,TX,0.8986000000000001,0.10139999999999993,0.7972000000000001,0.2,0.0,0.0
2024-08-14,2024-08-14,46.4417,37.31245,9.129249999999999,TX,0.8986000000000001,0.10139999999999993,0.7972000000000001,0.2,0.0,0.0
2024-08-15,2024-08-15,46.4417,37.31245,9.129249999999999,TX,0.8982,0.1018,0.7964,0.2,0.0,-0.0008000000000001339
2024-08-16,2024-08-16,46.4417,37.31245,9.129249999999999,TX,0.8978,0.10219999999999996,0.7956000000000001,0.2,0.0,-0.0007999999999999119
2024-08-17,2024-08-17,46.4417,37.31245,9.129249999999999,TX,0.8982,0.1018,0.7964,0.2,0.0,0.0007999999999999119
2024-08-18,2024-08-18,46.4417,37.31245,9.129249999999999,TX,0.899,0.10099999999999998,0.798,0.2,0.0,0.0016000000000000458
2024-08-19,2024-08-19,46.4417,37.31245,9.129249999999999,TX,0.8994,0.10060000000000002,0.7988,0.2,0.0,0.0007999999999999119
2024-08-20,2024-08-20,46.4417,37.31245,9.129249999999999,TX,0.8994,0.10060000000000002,0.7988,0.2,0.0,0.0
2024-08-21,2024-08-21,46.4417,37.31245,9.129249999999999,TX,0.9002,0.0998,0.8004,0.2,0.0,0.0016000000000000458
2024-08-22,2024-08-22,46.4417,37.31245,9.129249999999999,TX,0.9006000000000001,0.09939999999999993,0.8012000000000001,0.2,0.0,0.0008000000000001339
2024-08-23,2024-08-23,46.4417,37.31245,9.129249999999999,TX,0.9002,0.0998,0.8004,0.2,0.0,-0.0008000000000001339
2024-08-24,2024-08-24,46.4417,37.31245,9.129249999999999,TX,0.9002,0.0998,0.8004,0.2,0.0,0.0
2024-08-25,2024-08-25,46.4417,37.31245,9.129249999999999,TX,0.8998,0.10019999999999996,0.7996000000000001,0.2,0.0,-0.0007999999999999119
2024-08-26,2024-08-26,46.4417,37.31245,9.129249999999999,TX,0.8998,0.10019999999999996,0.7996000000000001,0.2,0.0,0.0
2024-08-27,2024-08-27,46.4417,37.31245,9.129249999999999,TX,0.9002,0.0998,0.8004,0.2,0.0,0.0007999999999999119
2024-08-28,2024-08-28,46.4417,37.31245,9.129249999999999,TX,0.9002,0.0998,0.8004,0.2,0.0,0.0
2024-08-29,2024-08-29,46.4417,37.31245,9.129249999999999,TX,0.9002,0.0998,0.8004,0.2,0.0,0.0
2024-08-30,2024-08-30,46.4417,37.31245,9.129249999999999,TX,0.9002,0.0998,0.8004,0.2,0.0,0.0
2024-08-31,2024-08-31,49.13105,43.12415,6.006900000000002,TX,0.9002,0.0998,0.8004,0.2,-3.1223499999999973,0.0
2024-09-01,2024-09-01,49.18295,43.174499999999995,6.008450000000003,TX,0.9002,0.0998,0.8004,0.2,0.0015500000000017167,0.0
2024-09-02,2024-09-02,49.1801,43.12365,6.056450000000005,TX,0.901,0.09899999999999998,0.802,0.2,0.04800000000000182,0.0016000000000000458
2024-09-03,2024-09-03,49.2113,43.09535,6.115949999999998,TX,0.901,0.09899999999999998,0.802,0.2,0.05949999999999278,0.0
2024-09-04,2024-09-04,49.2481,43.132549999999995,6.115550000000006,TX,0.901,0.09899999999999998,0.802,0.2,-0.00039999999999196234,0.0
2024-09-05,2024-09-05,49.1669,43.211299999999994,5.955600000000004,TX,0.901,0.09899999999999998,0.802,0.2,-0.15995000000000203,0.0
2024-09-06,2024-09-06,48.4628,44.0437,4.4191,TX,0.901,0.09899999999999998,0.802,0.2,-1.5365000000000038,0.0
2024-09-07,2024-09-07,48.471149999999994,43.99855,4.472599999999993,TX,0.9006000000000001,0.09939999999999993,0.8012000000000001,0.2,0.053499999999992554,-0.0007999999999999119
2024-09-08,2024-09-08,48.46235,43.8989,4.563450000000003,TX,0.9006000000000001,0.09939999999999993,0.8012000000000001,0.2,0.09085000000001031,0.0
2024-09-09,2024-09-09,49.12075,43.01925,6.1015000000000015,TX,0.9014,0.09860000000000002,0.8028,0.2,1.5380499999999984,0.0015999999999998238
2024-09-10,2024-09-10,49.03265,42.90135,6.131299999999996,TX,0.9014,0.09860000000000002,0.8028,0.2,0.029799999999994498,0.0
2024-09-11,2024-09-11,49.0452,42.896,6.1492,TX,0.9014,0.09860000000000002,0.8028,0.2,0.017900000000004468,0.0
2024-09-12,2024-09-12,48.96565,42.9808,5.9848499999999945,TX,0.9002,0.0998,0.8004,0.2,-0.164350000000006,-0.0023999999999999577
2024-09-13,2024-09-13,48.96565,42.9808,5.9848499999999945,TX,0.9002,0.0998,0.8004,0.2,0.0,0.0
2024-09-14,2024-09-14,48.96565,42.9808,5.9848499999999945,TX,0.9002,0.0998,0.8004,0.2,0.0,0.0
2024-09-15,2024-09-15,48.96565,42.9808,5.9848499999999945,TX,0.8998,0.10019999999999996,0.7996000000000001,0.2,0.0,-0.0007999999999999119
2024-09-16,2024-09-16,48.96565,42.9808,5.9848499999999945,TX,0.8998,0.10019999999999996,0.7996000000000001,0.2,0.0,0.0
2024-09-17,2024-09-17,48.96565,42.9808,5.9848499999999945,TX,0.8998,0.10019999999999996,0.7996000000000001,0.2,0.0,0.0
2024-09-18,2024-09-18,48.96565,42.9808,5.9848499999999945,TX,0.8998,0.10019999999999996,0.7996000000000001,0.2,0.0,0.0
2024-09-19,2024-09-19,48.96565,42.9808,5.9848499999999945,TX,0.8994,0.10060000000000002,0.7988,0.2,0.0,-0.0008000000000001339
2024-09-20,2024-09-20,48.96565,42.9808,5.9848499999999945,TX,0.899,0.10099999999999998,0.798,0.2,0.0,-0.0007999999999999119
2024-09-21,2024-09-21,48.96565,42.9808,5.9848499999999945,TX,0.8994,0.10060000000000002,0.7988,0.2,0.0,0.0007999999999999119
2024-09-22,2024-09-22,48.96565,42.9808,5.9848499999999945,TX,0.8994,0.10060000000000002,0.7988,0.2,0.0,0.0
2024-09-23,2024-09-23,48.96565,42.9808,5.9848499999999945,TX,0.899,0.10099999999999998,0.798,0.2,0.0,-0.0007999999999999119
2024-09-24,2024-09-24,48.96565,42.9808,5.9848499999999945,TX,0.8994,0.10060000000000002,0.7988,0.2,0.0,0.0007999999999999119
2024-09-25,2024-09-25,48.96565,42.9808,5.9848499999999945,TX,0.8994,0.10060000000000002,0.7988,0.2,0.0,0.0
2024-09-26,2024-09-26,48.96565,42.9808,5.9848499999999945,TX,0.8998,0.10019999999999996,0.7996000000000001,0.2,0.0,0.0008000000000001339
2024-09-27,2024-09-27,48.96565,42.9808,5.9848499999999945,TX,0.8998,0.10019999999999996,0.7996000000000001,0.2,0.0,0.0
2024-09-28,2024-09-28,48.96565,42.9808,5.9848499999999945,TX,0.8998,0.10019999999999996,0.7996000000000001,0.2,0.0,0.0
2024-09-29,2024-09-29,48.96565,42.9808,5.9848499999999945,TX,0.8998,0.10019999999999996,0.7996000000000001,0.2,0.0,0.0
2024-09-30,2024-09-30,48.96565,42.9808,5.9848499999999945,TX,0.8998,0.10019999999999996,0.7996000000000001,0.2,0.0,0.0
2024-10-01,2024-10-01,48.96565,42.9808,5.9848499999999945,TX,0.8998,0.10019999999999996,0.7996000000000001,0.2,0.0,0.0
2024-10-02,2024-10-02,48.96565,42.9808,5.9848499999999945,TX,0.8998,0.10019999999999996,0.7996000000000001,0.2,0.0,0.0
2024-10-03,2024-10-03,48.96565,42.9808,5.9848499999999945,TX,0.9002,0.0998,0.8004,0.2,0.0,0.0007999999999999119
2024-10-04,2024-10-04,48.96565,42.9808,5.9848499999999945,TX,0.9002,0.0998,0.8004,0.2,0.0,0.0
2024-10-05,2024-10-05,48.96565,42.9808,5.9848499999999945,TX,0.9002,0.0998,0.8004,0.2,0.0,0.0
2024-10-06,2024-10-06,48.96565,42.9808,5.9848499999999945,TX,0.9002,0.0998,0.8004,0.2,0.0,0.0
2024-10-07,2024-10-07,48.96565,42.9808,5.9848499999999945,TX,0.9006000000000001,0.09939999999999993,0.8012000000000001,0.2,0.0,0.0008000000000001339
2024-10-08,2024-10-08,48.96565,42.9808,5.9848499999999945,TX,0.9014,0.09860000000000002,0.8028,0.2,0.0,0.0015999999999998238
2024-10-09,2024-10-09,48.96565,42.9808,5.9848499999999945,TX,0.9014,0.09860000000000002,0.8028,0.2,0.0,0.0
2024-10-10,2024-10-10,48.96565,42.9808,5.9848499999999945,TX,0.9016000000000001,0.09839999999999993,0.8032000000000001,0.2,0.0,0.000400000000000178
2024-10-11,2024-10-11,48.96565,42.9808,5.9848499999999945,TX,0.9024,0.09760000000000002,0.8048,0.2,0.0,0.0015999999999998238
2024-10-12,2024-10-12,48.96565,42.9808,5.9848499999999945,TX,0.9018,0.09819999999999995,0.8036000000000001,0.2,0.0,-0.0011999999999998678
2024-10-13,2024-10-13,48.96565,42.9808,5.9848499999999945,TX,0.9022,0.0978,0.8044,0.2,0.0,0.0007999999999999119
2024-10-14,2024-10-14,48.96565,42.9808,5.9848499999999945,TX,0.9022,0.0978,0.8044,0.2,0.0,0.0
2024-10-15,2024-10-15,48.96565,42.9808,5.9848499999999945,TX,0.9022,0.0978,0.8044,0.2,0.0,0.0
2024-10-16,2024-10-16,48.96565,42.9808,5.9848499999999945,TX,0.903,0.09699999999999998,0.806,0.2,0.0,0.0016000000000000458
2024-10-17,2024-10-17,48.96565,42.9808,5.9848499999999945,TX,0.9038,0.09619999999999995,0.8076000000000001,0.2,0.0,0.0016000000000000458
2024-10-18,2024-10-18,48.96565,42.9808,5.9848499999999945,TX,0.9044,0.09560000000000002,0.8088,0.2,0.0,0.0011999999999998678
2024-10-19,2024-10-19,48.96565,42.9808,5.9848499999999945,TX,0.9038,0.09619999999999995,0.8076000000000001,0.2,0.0,-0.0011999999999998678
2024-10-20,2024-10-20,48.96565,42.9808,5.9848499999999945,TX,0.9038,0.09619999999999995,0.8076000000000001,0.2,0.0,0.0
2024-10-21,2024-10-21,48.96565,42.9808,5.9848499999999945,TX,0.904,0.09599999999999997,0.808,0.2,0.0,0.00039999999999995595
2024-10-22,2024-10-22,48.96565,42.9808,5.9848499999999945,TX,0.9056000000000001,0.09439999999999993,0.8112000000000001,0.2,0.0,0.0032000000000000917
2024-10-23,2024-10-23,48.96565,42.9808,5.9848499999999945,TX,0.9058,0.09419999999999995,0.8116000000000001,0.2,0.0,0.00039999999999995595
2024-10-24,2024-10-24,48.96565,42.9808,5.9848499999999945,TX,0.9048,0.09519999999999995,0.8096000000000001,0.2,0.0,-0.0020000000000000018
2024-10-25,2024-10-25,48.96565,42.9808,5.9848499999999945,TX,0.9052,0.0948,0.8104,0.2,0.0,0.0007999999999999119
2024-10-26,2024-10-26,48.96565,42.9808,5.9848499999999945,TX,0.9056000000000001,0.09439999999999993,0.8112000000000001,0.2,0.0,0.0008000000000001339
2024-10-27,2024-10-27,48.96565,42.9808,5.9848499999999945,TX,0.9058,0.09419999999999995,0.8116000000000001,0.2,0.0,0.00039999999999995595
2024-10-28,2024-10-28,48.96565,42.9808,5.9848499999999945,TX,0.9062,0.0938,0.8124,0.2,0.0,0.0007999999999999119
2024-10-29,2024-10-29,48.96565,42.9808,5.9848499999999945,TX,0.9066000000000001,0.09339999999999993,0.8132000000000001,0.2,0.0,0.0008000000000001339
2024-10-30,2024-10-30,48.96565,42.9808,5.9848499999999945,TX,0.9066000000000001,0.09339999999999993,0.8132000000000001,0.2,0.0,0.0
2024-10-31,2024-10-31,48.96565,42.9808,5.9848499999999945,TX,0.9062,0.0938,0.8124,0.2,0.0,-0.0008000000000001339
2024-11-01,2024-11-01,48.96565,42.9808,5.9848499999999945,TX,0.9054,0.09460000000000002,0.8108,0.2,0.0,-0.0016000000000000458
2024-11-02,2024-11-02,48.96565,42.9808,5.9848499999999945,TX,0.903,0.09699999999999998,0.806,0.2,0.0,-0.0047999999999999154
2024-11-03,2024-11-03,48.96565,42.9808,5.9848499999999945,TX,0.9022,0.0978,0.8044,0.2,0.0,-0.0016000000000000458
2024-11-04,2024-11-04,48.96565,42.9808,5.9848499999999945,TX,0.9024,0.09760000000000002,0.8048,0.2,0.0,0.00039999999999995595
2024-11-05,2024-11-05,48.96565,42.9808,5.9848499999999945,TX,0.9032,0.0968,0.8064,0.2,0.0,0.0016000000000000458
2024-03-08,2024-03-08,35.14865,46.09215,-10.943499999999993,NY,0.030199999999999998,0.9698,-0.9396,0.06,,
2024-03-09,2024-03-09,35.14865,46.09215,-10.943499999999993,NY,0.0306,0.9694,-0.9388000000000001,0.06,0.0,0.0007999999999999119
2024-03-10,2024-03-10,35.14865,46.09215,-10.943499999999993,NY,0.0306,0.9694,-0.9388000000000001,0.06,0.0,0.0
2024-03-11,2024-03-11,35.14865,46.09215,-10.943499999999993,NY,0.0306,0.9694,-0.9388000000000001,0.06,0.0,0.0
2024-03-12,2024-03-12,35.14865,46.09215,-10.943499999999993,NY,0.0306,0.9694,-0.9388000000000001,0.06,0.0,0.0
2024-03-13,2024-03-13,35.14865,46.09215,-10.943499999999993,NY,0.0306,0.9694,-0.9388000000000001,0.06,0.0,0.0
2024-03-14,2024-03-14,35.14865,46.09215,-10.943499999999993,NY,0.031,0.969,-0.938,0.06,0.0,0.0008000000000001339
2024-03-15,2024-03-15,35.14865,46.09215,-10.943499999999993,NY,0.031,0.969,-0.938,0.06,0.0,0.0
2024-03-16,2024-03-16,35.14865,46.09215,-10.943499999999993,NY,0.031,0.969,-0.938,0.06,0.0,0.0
2024-03-17,2024-03-17,35.14865,46.09215,-10.943499999999993,NY,0.031,0.969,-0.938,0.06,0.0,0.0
2024-03-18,2024-03-18,35.14865,46.09215,-10.943499999999993,NY,0.031,0.969,-0.938,0.06,0.0,0.0
2024-03-19,2024-03-19,35.14865,46.09215,-10.943499999999993,NY,0.031,0.969,-0.938,0.06,0.0,0.0
2024-03-20,2024-03-20,35.14865,46.09215,-10.943499999999993,NY,0.031,0.969,-0.938,0.06,0.0,0.0
2024-03-21,2024-03-21,35.14865,46.09215,-10.943499999999993,NY,0.031,0.969,-0.938,0.06,0.0,0.0
2024-03-22,2024-03-22,35.14865,46.09215,-10.943499999999993,NY,0.031,0.969,-0.938,0.06,0.0,0.0
2024-03-23,2024-03-23,35.14865,46.09215,-10.943499999999993,NY,0.031,0.969,-0.938,0.06,0.0,0.0
2024-03-24,2024-03-24,35.14865,46.09215,-10.943499999999993,NY,0.031,0.969,-0.938,0.06,0.0,0.0
2024-03-25,2024-03-25,35.14865,46.09215,-10.943499999999993,NY,0.031,0.969,-0.938,0.06,0.0,0.0
2024-03-26,2024-03-26,35.14865,46.09215,-10.943499999999993,NY,0.031,0.969,-0.938,0.06,0.0,0.0
2024-03-27,2024-03-27,35.14865,46.09215,-10.943499999999993,NY,0.031,0.969,-0.938,0.06,0.0,0.0
2024-03-28,2024-03-28,35.14865,46.09215,-10.943499999999993,NY,0.031,0.969,-0.938,0.06,0.0,0.0
2024-03-29,2024-03-29,35.14865,46.09215,-10.943499999999993,NY,0.031,0.969,-0.938,0.06,0.0,0.0
2024-03-30,2024-03-30,35.14865,46.09215,-10.943499999999993,NY,0.031,0.969,-0.938,0.06,0.0,0.0
2024-03-31,2024-03-31,35.14865,46.09215,-10.943499999999993,NY,0.031,0.969,-0.938,0.06,0.0,0.0
2024-04-01,2024-04-01,35.14865,46.09215,-10.943499999999993,NY,0.031,0.969,-0.938,0.06,0.0,0.0
2024-04-02,2024-04-02,35.14865,46.09215,-10.943499999999993,NY,0.031,0.969,-0.938,0.06,0.0,0.0
2024-04-03,2024-04-03,35.14865,46.09215,-10.943499999999993,NY,0.031,0.969,-0.938,0.06,0.0,0.0
2024-04-04,2024-04-04,35.14865,46.09215,-10.943499999999993,NY,0.031,0.969,-0.938,0.06,0.0,0.0
2024-04-05,2024-04-05,35.14865,46.09215,-10.943499999999993,NY,0.031,0.969,-0.938,0.06,0.0,0.0
2024-04-06,2024-04-06,35.14865,46.09215,-10.943499999999993,NY,0.031,0.969,-0.938,0.06,0.0,0.0
2024-04-07,2024-04-07,35.14865,46.09215,-10.943499999999993,NY,0.031,0.969,-0.938,0.06,0.0,0.0
2024-04-08,2024-04-08,35.14865,46.09215,-10.943499999999993,NY,0.031,0.969,-0.938,0.06,0.0,0.0
2024-04-09,2024-04-09,35.14865,46.09215,-10.943499999999993,NY,0.031,0.969,-0.938,0.06,0.0,0.0
2024-04-10,2024-04-10,35.14865,46.09215,-10.943499999999993,NY,0.031,0.969,-0.938,0.06,0.0,0.0
2024-04-11,2024-04-11,35.14865,46.09215,-10.943499999999993,NY,0.0306,0.9694,-0.9388000000000001,0.06,0.0,-0.0008000000000001339
2024-04-12,2024-04-12,35.14865,46.09215,-10.943499999999993,NY,0.0306,0.9694,-0.9388000000000001,0.06,0.0,0.0
2024-04-13,2024-04-13,35.14865,46.09215,-10.943499999999993,NY,0.0306,0.9694,-0.9388000000000001,0.06,0.0,0.0
2024-04-14,2024-04-14,35.14865,46.09215,-10.943499999999993,NY,0.0306,0.9694,-0.9388000000000001,0.06,0.0,0.0
2024-04-15,2024-04-15,35.14865,46.09215,-10.943499999999993,NY,0.0306,0.9694,-0.9388000000000001,0.06,0.0,0.0
2024-04-16,2024-04-16,35.14865,46.09215,-10.943499999999993,NY,0.0306,0.9694,-0.9388000000000001,0.06,0.0,0.0
2024-04-17,2024-04-17,35.14865,46.09215,-10.943499999999993,NY,0.0306,0.9694,-0.9388000000000001,0.06,0.0,0.0
2024-04-18,2024-04-18,35.14865,46.09215,-10.943499999999993,NY,0.0306,0.9694,-0.9388000000000001,0.06,0.0,0.0
2024-04-19,2024-04-19,35.14865,46.09215,-10.943499999999993,NY,0.0306,0.9694,-0.9388000000000001,0.06,0.0,0.0
2024-04-20,2024-04-20,35.14865,46.09215,-10.943499999999993,NY,0.0306,0.9694,-0.9388000000000001,0.06,0.0,0.0
2024-04-21,2024-04-21,35.14865,46.09215,-10.943499999999993,NY,0.0306,0.9694,-0.9388000000000001,0.06,0.0,0.0
2024-04-22,2024-04-22,35.14865,46.09215,-10.943499999999993,NY,0.0306,0.9694,-0.9388000000000001,0.06,0.0,0.0
2024-04-23,2024-04-23,35.14865,46.09215,-10.943499999999993,NY,0.0306,0.9694,-0.9388000000000001,0.06,0.0,0.0
2024-04-24,2024-04-24,35.14865,46.09215,-10.943499999999993,NY,0.0306,0.9694,-0.9388000000000001,0.06,0.0,0.0
2024-04-25,2024-04-25,35.14865,46.09215,-10.943499999999993,NY,0.0294,0.9706,-0.9412,0.06,0.0,-0.0023999999999999577
2024-04-26,2024-04-26,35.14865,46.09215,-10.943499999999993,NY,0.030199999999999998,0.9698,-0.9396,0.06,0.0,0.0016000000000000458
2024-04-27,2024-04-27,35.14865,46.09215,-10.943499999999993,NY,0.030199999999999998,0.9698,-0.9396,0.06,0.0,0.0
2024-04-28,2024-04-28,35.14865,46.09215,-10.943499999999993,NY,0.030199999999999998,0.9698,-0.9396,0.06,0.0,0.0
2024-04-29,2024-04-29,35.14865,46.09215,-10.943499999999993,NY,0.030199999999999998,0.9698,-0.9396,0.06,0.0,0.0
2024-04-30,2024-04-30,35.14865,46.09215,-10.943499999999993,NY,0.030199999999999998,0.9698,-0.9396,0.06,0.0,0.0
2024-05-01,2024-05-01,35.14865,46.09215,-10.943499999999993,NY,0.030199999999999998,0.9698,-0.9396,0.06,0.0,0.0
2024-05-02,2024-05-02,35.14865,46.09215,-10.943499999999993,NY,0.030199999999999998,0.9698,-0.9396,0.06,0.0,0.0
2024-05-03,2024-05-03,35.14865,46.09215,-10.943499999999993,NY,0.028999999999999998,0.971,-0.942,0.06,0.0,-0.0023999999999999577
2024-05-04,2024-05-04,35.14865,46.09215,-10.943499999999993,NY,0.028999999999999998,0.971,-0.942,0.06,0.0,0.0
2024-05-05,2024-05-05,35.14865,46.09215,-10.943499999999993,NY,0.028999999999999998,0.971,-0.942,0.06,0.0,0.0
2024-05-06,2024-05-06,35.14865,46.09215,-10.943499999999993,NY,0.028999999999999998,0.971,-0.942,0.06,0.0,0.0
2024-05-07,2024-05-07,35.14865,46.09215,-10.943499999999993,NY,0.028999999999999998,0.971,-0.942,0.06,0.0,0.0
2024-05-08,2024-05-08,35.14865,46.09215,-10.943499999999993,NY,0.028999999999999998,0.971,-0.942,0.06,0.0,0.0
2024-05-09,2024-05-09,35.14865,46.09215,-10.943499999999993,NY,0.028999999999999998,0.971,-0.942,0.06,0.0,0.0
2024-05-10,2024-05-10,35.14865,46.09215,-10.943499999999993,NY,0.0294,0.9706,-0.9412,0.06,0.0,0.0007999999999999119
2024-05-11,2024-05-11,35.14865,46.09215,-10.943499999999993,NY,0.0294,0.9706,-0.9412,0.06,0.0,0.0
2024-05-12,2024-05-12,35.14865,46.09215,-10.943499999999993,NY,0.0294,0.9706,-0.9412,0.06,0.0,0.0
2024-05-13,2024-05-13,35.14865,46.09215,-10.943499999999993,NY,0.0294,0.9706,-0.9412,0.06,0.0,0.0
2024-05-14,2024-05-14,35.14865,46.09215,-10.943499999999993,NY,0.030199999999999998,0.9698,-0.9396,0.06,0.0,0.0016000000000000458
2024-05-15,2024-05-15,35.14865,46.09215,-10.943499999999993,NY,0.030199999999999998,0.9698,-0.9396,0.06,0.0,0.0
2024-05-16,2024-05-16,35.14865,46.09215,-10.943499999999993,NY,0.030199999999999998,0.9698,-0.9396,0.06,0.0,0.0
2024-05-17,2024-05-17,35.14865,46.09215,-10.943499999999993,NY,0.030199999999999998,0.9698,-0.9396,0.06,0.0,0.0
2024-05-18,2024-05-18,35.14865,46.09215,-10.943499999999993,NY,0.0306,0.9694,-0.9388000000000001,0.06,0.0,0.0007999999999999119
2024-05-19,2024-05-19,35.14865,46.09215,-10.943499999999993,NY,0.0306,0.9694,-0.9388000000000001,0.06,0.0,0.0
2024-05-20,2024-05-20,35.14865,46.09215,-10.943499999999993,NY,0.0312,0.9688,-0.9376,0.06,0.0,0.0012000000000000899
2024-05-21,2024-05-21,35.14865,46.09215,-10.943499999999993,NY,0.032,0.968,-0.9359999999999999,0.06,0.0,0.0016000000000000458
2024-05-22,2024-05-22,35.14865,46.09215,-10.943499999999993,NY,0.0322,0.9678,-0.9356,0.06,0.0,0.00039999999999995595
2024-05-23,2024-05-23,35.14865,46.09215,-10.943499999999993,NY,0.0318,0.9682,-0.9363999999999999,0.06,0.0,-0.0007999999999999119
2024-05-24,2024-05-24,35.14865,46.09215,-10.943499999999993,NY,0.0318,0.9682,-0.9363999999999999,0.06,0.0,0.0
2024-05-25,2024-05-25,35.14865,46.09215,-10.943499999999993,NY,0.0322,0.9678,-0.9356,0.06,0.0,0.0007999999999999119
2024-05-26,2024-05-26,35.14865,46.09215,-10.943499999999993,NY,0.0322,0.9678,-0.9356,0.06,0.0,0.0
2024-05-27,2024-05-27,35.14865,46.09215,-10.943499999999993,NY,0.0322,0.9678,-0.9356,0.06,0.0,0.0
2024-05-28,2024-05-28,35.14865,46.09215,-10.943499999999993,NY,0.0322,0.9678,-0.9356,0.06,0.0,0.0
2024-05-29,2024-05-29,35.14865,46.09215,-10.943499999999993,NY,0.0326,0.9674,-0.9348000000000001,0.06,0.0,0.0007999999999999119
2024-05-30,2024-05-30,35.14865,46.09215,-10.943499999999993,NY,0.0326,0.9674,-0.9348000000000001,0.06,0.0,0.0
2024-05-31,2024-05-31,35.14865,46.09215,-10.943499999999993,NY,0.0326,0.9674,-0.9348000000000001,0.06,0.0,0.0
2024-06-01,2024-06-01,35.14865,46.09215,-10.943499999999993,NY,0.0322,0.9678,-0.9356,0.06,0.0,-0.0007999999999999119
2024-06-02,2024-06-02,35.14865,46.09215,-10.943499999999993,NY,0.0322,0.9678,-0.9356,0.06,0.0,0.0
2024-06-03,2024-06-03,35.14865,46.09215,-10.943499999999993,NY,0.0322,0.9678,-0.9356,0.06,0.0,0.0
2024-06-04,2024-06-04,35.14865,46.09215,-10.943499999999993,NY,0.0326,0.9674,-0.9348000000000001,0.06,0.0,0.0007999999999999119
2024-06-05,2024-06-05,35.14865,46.09215,-10.943499999999993,NY,0.0326,0.9674,-0.9348000000000001,0.06,0.0,0.0
2024-06-06,2024-06-06,35.14865,46.09215,-10.943499999999993,NY,0.0326,0.9674,-0.9348000000000001,0.06,0.0,0.0
2024-06-07,2024-06-07,35.14865,46.09215,-10.943499999999993,NY,0.0326,0.9674,-0.9348000000000001,0.06,0.0,0.0
2024-06-08,2024-06-08,35.14865,46.09215,-10.943499999999993,NY,0.0326,0.9674,-0.9348000000000001,0.06,0.0,0.0
2024-06-09,2024-06-09,35.14865,46.09215,-10.943499999999993,NY,0.0326,0.9674,-0.9348000000000001,0.06,0.0,0.0
2024-06-10,2024-06-10,35.14865,46.09215,-10.943499999999993,NY,0.0326,0.9674,-0.9348000000000001,0.06,0.0,0.0
2024-06-11,2024-06-11,35.14865,46.09215,-10.943499999999993,NY,0.0326,0.9674,-0.9348000000000001,0.06,0.0,0.0
2024-06-12,2024-06-12,35.14865,46.09215,-10.943499999999993,NY,0.0326,0.9674,-0.9348000000000001,0.06,0.0,0.0
2024-06-13,2024-06-13,35.14865,46.09215,-10.943499999999993,NY,0.0326,0.9674,-0.9348000000000001,0.06,0.0,0.0
2024-06-14,2024-06-14,35.14865,46.09215,-10.943499999999993,NY,0.0326,0.9674,-0.9348000000000001,0.06,0.0,0.0
2024-06-15,2024-06-15,35.14865,46.09215,-10.943499999999993,NY,0.0326,0.9674,-0.9348000000000001,0.06,0.0,0.0
2024-06-16,2024-06-16,35.14865,46.09215,-10.943499999999993,NY,0.0326,0.9674,-0.9348000000000001,0.06,0.0,0.0
2024-06-17,2024-06-17,35.14865,46.09215,-10.943499999999993,NY,0.0326,0.9674,-0.9348000000000001,0.06,0.0,0.0
2024-06-18,2024-06-18,35.14865,46.09215,-10.943499999999993,NY,0.0326,0.9674,-0.9348000000000001,0.06,0.0,0.0
2024-06-19,2024-06-19,35.14865,46.09215,-10.943499999999993,NY,0.0326,0.9674,-0.9348000000000001,0.06,0.0,0.0
2024-06-20,2024-06-20,35.14865,46.09215,-10.943499999999993,NY,0.0326,0.9674,-0.9348000000000001,0.06,0.0,0.0
2024-06-21,2024-06-21,35.17825,46.1552,-10.976950000000002,NY,0.0326,0.9674,-0.9348000000000001,0.06,-0.033450000000009084,0.0
2024-06-22,2024-06-22,35.2112,46.22055,-11.009350000000005,NY,0.0326,0.9674,-0.9348000000000001,0.06,-0.03240000000000265,0.0
2024-06-23,2024-06-23,35.34255,46.49165,-11.149099999999997,NY,0.032999999999999995,0.967,-0.9339999999999999,0.06,-0.13974999999999227,0.0008000000000001339
2024-06-24,2024-06-24,35.57995,46.32275,-10.742800000000003,NY,0.0338,0.9662,-0.9323999999999999,0.06,0.40629999999999455,0.0016000000000000458
2024-06-25,2024-06-25,35.6164,46.2424,-10.626000000000005,NY,0.0334,0.9666,-0.9332,0.06,0.1167999999999978,-0.0008000000000001339
2024-06-26,2024-06-26,35.7455,46.33605,-10.59055,NY,0.0338,0.9662,-0.9323999999999999,0.06,0.03545000000000442,0.0008000000000001339
2024-06-27,2024-06-27,35.8581,46.21810000000001,-10.360000000000007,NY,0.034199999999999994,0.9658,-0.9316,0.06,0.23054999999999382,0.0007999999999999119
2024-06-28,2024-06-28,36.100849999999994,45.9096,-9.808750000000003,NY,0.034199999999999994,0.9658,-0.9316,0.06,0.5512500000000031,0.0
2024-06-29,2024-06-29,36.214200000000005,45.7682,-9.553999999999995,NY,0.034999999999999996,0.965,-0.9299999999999999,0.06,0.25475000000000847,0.0016000000000000458
2024-06-30,2024-06-30,36.3505,45.73995,-9.389450000000004,NY,0.034999999999999996,0.965,-0.9299999999999999,0.06,0.16454999999999131,0.0
2024-07-01,2024-07-01,36.46325,45.80445,-9.3412,NY,0.0346,0.9654,-0.9308000000000001,0.06,0.04825000000000301,-0.0008000000000001339
2024-07-02,2024-07-02,36.54905,45.613,-9.063949999999998,NY,0.0352,0.9648,-0.9296,0.06,0.2772500000000022,0.0012000000000000899
2024-07-03,2024-07-03,36.6853,45.1363,-8.451,NY,0.036199999999999996,0.9638,-0.9276,0.06,0.6129499999999979,0.0020000000000000018
2024-07-04,2024-07-04,36.654,45.04355,-8.38955,NY,0.0352,0.9648,-0.9296,0.06,0.06145000000000067,-0.0020000000000000018
2024-07-05,2024-07-05,36.7827,45.04015,-8.257449999999999,NY,0.034999999999999996,0.965,-0.9299999999999999,0.06,0.13210000000000122,-0.00039999999999995595
2024-07-06,2024-07-06,36.44235,45.34915,-8.906800000000004,NY,0.0348,0.9652000000000001,-0.9304000000000001,0.06,-0.6493500000000054,-0.000400000000000178
2024-07-07,2024-07-07,36.5271,45.4423,-8.915200000000006,NY,0.0354,0.9646,-0.9292,0.06,-0.00840000000000174,0.0012000000000000899
2024-07-08,2024-07-08,36.6249,45.4667,-8.841800000000006,NY,0.034999999999999996,0.965,-0.9299999999999999,0.06,0.07339999999999947,-0.0007999999999999119
2024-07-09,2024-07-09,36.7581,45.64575,-8.88765,NY,0.034999999999999996,0.965,-0.9299999999999999,0.06,-0.045849999999994395,0.0
2024-07-10,2024-07-10,36.80545,45.802899999999994,-8.997449999999994,NY,0.034999999999999996,0.965,-0.9299999999999999,0.06,-0.10979999999999279,0.0
2024-07-11,2024-07-11,36.933499999999995,46.0897,-9.156200000000005,NY,0.034999999999999996,0.965,-0.9299999999999999,0.06,-0.15875000000001194,0.0
2024-07-12,2024-07-12,36.81225,46.28915000000001,-9.476900000000008,NY,0.0354,0.9646,-0.9292,0.06,-0.3207000000000022,0.0007999999999999119
2024-07-13,2024-07-13,36.8442,46.21605,-9.371850000000002,NY,0.034999999999999996,0.965,-0.9299999999999999,0.06,0.10505000000000564,-0.0007999999999999119
2024-07-14,2024-07-14,36.8795,46.2124,-9.332900000000002,NY,0.0372,0.9628,-0.9256,0.06,0.03894999999999982,0.0043999999999999595
2024-07-15,2024-07-15,36.95815,46.12815,-9.169999999999995,NY,0.039599999999999996,0.9604,-0.9208000000000001,0.06,0.1629000000000076,0.0047999999999999154
2024-07-16,2024-07-16,36.95815,46.12815,-9.169999999999995,NY,0.038599999999999995,0.9614,-0.9228000000000001,0.06,0.0,-0.0020000000000000018
2024-07-17,2024-07-17,36.95815,46.12815,-9.169999999999995,NY,0.0378,0.9621999999999999,-0.9243999999999999,0.06,0.0,-0.0015999999999998238
2024-07-18,2024-07-18,36.95815,46.12815,-9.169999999999995,NY,0.0382,0.9618,-0.9236,0.06,0.0,0.0007999999999999119
2024-07-19,2024-07-19,37.80875,46.74485,-8.936099999999996,NY,0.034999999999999996,0.965,-0.9299999999999999,0.06,0.23389999999999844,-0.006399999999999961
2024-07-20,2024-07-20,37.7943,46.834500000000006,-9.040200000000006,NY,0.0366,0.9634,-0.9268000000000001,0.06,-0.10410000000000963,0.0031999999999998696
2024-07-21,2024-07-21,37.7638,46.77435,-9.010549999999995,NY,0.0364,0.9636,-0.9272,0.06,0.029650000000010834,-0.00039999999999995595
2024-07-22,2024-07-22,37.7638,46.77435,-9.010549999999995,NY,0.0354,0.9646,-0.9292,0.06,0.0,-0.0020000000000000018
2024-07-23,2024-07-23,37.7638,46.77435,-9.010549999999995,NY,0.034999999999999996,0.965,-0.9299999999999999,0.06,0.0,-0.0007999999999999119
2024-07-24,2024-07-24,37.7638,46.77435,-9.010549999999995,NY,0.0346,0.9654,-0.9308000000000001,0.06,0.0,-0.0008000000000001339
2024-07-25,2024-07-25,37.7638,46.77435,-9.010549999999995,NY,0.0352,0.9648,-0.9296,0.06,0.0,0.0012000000000000899
2024-07-26,2024-07-26,37.7638,46.77435,-9.010549999999995,NY,0.034999999999999996,0.965,-0.9299999999999999,0.06,0.0,-0.00039999999999995595
2024-07-27,2024-07-27,37.7638,46.77435,-9.010549999999995,NY,0.033999999999999996,0.966,-0.9319999999999999,0.06,0.0,-0.0020000000000000018
2024-07-28,2024-07-28,37.7638,46.77435,-9.010549999999995,NY,0.0334,0.9666,-0.9332,0.06,0.0,-0.0012000000000000899
2024-07-29,2024-07-29,37.7638,46.77435,-9.010549999999995,NY,0.0338,0.9662,-0.9323999999999999,0.06,0.0,0.0008000000000001339
2024-07-30,2024-07-30,37.7638,46.77435,-9.010549999999995,NY,0.0338,0.9662,-0.9323999999999999,0.06,0.0,0.0
2024-07-31,2024-07-31,37.7638,46.77435,-9.010549999999995,NY,0.0346,0.9654,-0.9308000000000001,0.06,0.0,0.0015999999999998238
2024-08-01,2024-08-01,37.7638,46.77435,-9.010549999999995,NY,0.0334,0.9666,-0.9332,0.06,0.0,-0.0023999999999999577
2024-08-02,2024-08-02,37.7638,46.77435,-9.010549999999995,NY,0.0322,0.9678,-0.9356,0.06,0.0,-0.0023999999999999577
2024-08-03,2024-08-03,37.7638,46.77435,-9.010549999999995,NY,0.032,0.968,-0.9359999999999999,0.06,0.0,-0.00039999999999995595
2024-08-04,2024-08-04,37.7638,46.77435,-9.010549999999995,NY,0.0322,0.9678,-0.9356,0.06,0.0,0.00039999999999995595
2024-08-05,2024-08-05,37.7638,46.77435,-9.010549999999995,NY,0.032,0.968,-0.9359999999999999,0.06,0.0,-0.00039999999999995595
2024-08-06,2024-08-06,37.7638,46.77435,-9.010549999999995,NY,0.0322,0.9678,-0.9356,0.06,0.0,0.00039999999999995595
2024-08-07,2024-08-07,37.7638,46.77435,-9.010549999999995,NY,0.0314,0.9686,-0.9372,0.06,0.0,-0.0016000000000000458
2024-08-08,2024-08-08,37.7638,46.77435,-9.010549999999995,NY,0.030199999999999998,0.9698,-0.9396,0.06,0.0,-0.0023999999999999577
2024-08-09,2024-08-09,37.7638,46.77435,-9.010549999999995,NY,0.030199999999999998,0.9698,-0.9396,0.06,0.0,0.0
2024-08-10,2024-08-10,37.7638,46.77435,-9.010549999999995,NY,0.030199999999999998,0.9698,-0.9396,0.06,0.0,0.0
2024-08-11,2024-08-11,37.7638,46.77435,-9.010549999999995,NY,0.0288,0.9712,-0.9423999999999999,0.06,0.0,-0.0027999999999999137
2024-08-12,2024-08-12,37.7638,46.77435,-9.010549999999995,NY,0.0286,0.9714,-0.9428000000000001,0.06,0.0,-0.000400000000000178
2024-08-13,2024-08-13,37.7638,46.77435,-9.010549999999995,NY,0.0286,0.9714,-0.9428000000000001,0.06,0.0,0.0
2024-08-14,2024-08-14,37.7638,46.77435,-9.010549999999995,NY,0.0286,0.9714,-0.9428000000000001,0.06,0.0,0.0
2024-08-15,2024-08-15,37.7638,46.77435,-9.010549999999995,NY,0.0282,0.9718,-0.9436,0.06,0.0,-0.0007999999999999119
2024-08-16,2024-08-16,37.7638,46.77435,-9.010549999999995,NY,0.0278,0.9722,-0.9443999999999999,0.06,0.0,-0.0007999999999999119
2024-08-17,2024-08-17,37.7638,46.77435,-9.010549999999995,NY,0.0282,0.9718,-0.9436,0.06,0.0,0.0007999999999999119
2024-08-18,2024-08-18,37.7638,46.77435,-9.010549999999995,NY,0.028999999999999998,0.971,-0.942,0.06,0.0,0.0016000000000000458
2024-08-19,2024-08-19,37.7638,46.77435,-9.010549999999995,NY,0.0294,0.9706,-0.9412,0.06,0.0,0.0007999999999999119
2024-08-20,2024-08-20,37.7638,46.77435,-9.010549999999995,NY,0.0294,0.9706,-0.9412,0.06,0.0,0.0
2024-08-21,2024-08-21,37.7638,46.77435,-9.010549999999995,NY,0.030199999999999998,0.9698,-0.9396,0.06,0.0,0.0016000000000000458
2024-08-22,2024-08-22,37.7638,46.77435,-9.010549999999995,NY,0.0306,0.9694,-0.9388000000000001,0.06,0.0,0.0007999999999999119
2024-08-23,2024-08-23,37.7638,46.77435,-9.010549999999995,NY,0.030199999999999998,0.9698,-0.9396,0.06,0.0,-0.0007999999999999119
2024-08-24,2024-08-24,37.7638,46.77435,-9.010549999999995,NY,0.030199999999999998,0.9698,-0.9396,0.06,0.0,0.0
2024-08-25,2024-08-25,37.7638,46.77435,-9.010549999999995,NY,0.0298,0.9702,-0.9403999999999999,0.06,0.0,-0.0007999999999999119
2024-08-26,2024-08-26,37.7638,46.77435,-9.010549999999995,NY,0.0298,0.9702,-0.9403999999999999,0.06,0.0,0.0
2024-08-27,2024-08-27,37.7638,46.77435,-9.010549999999995,NY,0.030199999999999998,0.9698,-0.9396,0.06,0.0,0.0007999999999999119
2024-08-28,2024-08-28,37.7638,46.77435,-9.010549999999995,NY,0.030199999999999998,0.9698,-0.9396,0.06,0.0,0.0
2024-08-29,2024-08-29,37.7638,46.77435,-9.010549999999995,NY,0.030199999999999998,0.9698,-0.9396,0.06,0.0,0.0
2024-08-30,2024-08-30,37.7638,46.77435,-9.010549999999995,NY,0.030199999999999998,0.9698,-0.9396,0.06,0.0,0.0
2024-08-31,2024-08-31,37.7638,46.77435,-9.010549999999995,NY,0.030199999999999998,0.9698,-0.9396,0.06,0.0,0.0
2024-09-01,2024-09-01,37.7638,46.77435,-9.010549999999995,NY,0.030199999999999998,0.9698,-0.9396,0.06,0.0,0.0
2024-09-02,2024-09-02,37.7638,46.77435,-9.010549999999995,NY,0.031,0.969,-0.938,0.06,0.0,0.0016000000000000458
2024-09-03,2024-09-03,37.7638,46.77435,-9.010549999999995,NY,0.031,0.969,-0.938,0.06,0.0,0.0
2024-09-04,2024-09-04,37.7638,46.77435,-9.010549999999995,NY,0.031,0.969,-0.938,0.06,0.0,0.0
2024-09-05,2024-09-05,37.7638,46.77435,-9.010549999999995,NY,0.031,0.969,-0.938,0.06,0.0,0.0
2024-09-06,2024-09-06,37.7638,46.77435,-9.010549999999995,NY,0.031,0.969,-0.938,0.06,0.0,0.0
2024-09-07,2024-09-07,37.7638,46.77435,-9.010549999999995,NY,0.0306,0.9694,-0.9388000000000001,0.06,0.0,-0.0008000000000001339
2024-09-08,2024-09-08,37.7638,46.77435,-9.010549999999995,NY,0.0306,0.9694,-0.9388000000000001,0.06,0.0,0.0
2024-09-09,2024-09-09,37.7638,46.77435,-9.010549999999995,NY,0.0314,0.9686,-0.9372,0.06,0.0,0.0016000000000000458
2024-09-10,2024-09-10,37.7638,46.77435,-9.010549999999995,NY,0.0314,0.9686,-0.9372,0.06,0.0,0.0
2024-09-11,2024-09-11,37.7638,46.77435,-9.010549999999995,NY,0.0314,0.9686,-0.9372,0.06,0.0,0.0
2024-09-12,2024-09-12,37.7638,46.77435,-9.010549999999995,NY,0.030199999999999998,0.9698,-0.9396,0.06,0.0,-0.0023999999999999577
2024-09-13,2024-09-13,37.7638,46.77435,-9.010549999999995,NY,0.030199999999999998,0.9698,-0.9396,0.06,0.0,0.0
2024-09-14,2024-09-14,37.7638,46.77435,-9.010549999999995,NY,0.030199999999999998,0.9698,-0.9396,0.06,0.0,0.0
2024-09-15,2024-09-15,37.7638,46.77435,-9.010549999999995,NY,0.0298,0.9702,-0.9403999999999999,0.06,0.0,-0.0007999999999999119
2024-09-16,2024-09-16,37.7638,46.77435,-9.010549999999995,NY,0.0298,0.9702,-0.9403999999999999,0.06,0.0,0.0
2024-09-17,2024-09-17,37.7638,46.77435,-9.010549999999995,NY,0.0298,0.9702,-0.9403999999999999,0.06,0.0,0.0
2024-09-18,2024-09-18,37.7638,46.77435,-9.010549999999995,NY,0.0298,0.9702,-0.9403999999999999,0.06,0.0,0.0
2024-09-19,2024-09-19,37.7638,46.77435,-9.010549999999995,NY,0.0294,0.9706,-0.9412,0.06,0.0,-0.0008000000000001339
2024-09-20,2024-09-20,37.7638,46.77435,-9.010549999999995,NY,0.028999999999999998,0.971,-0.942,0.06,0.0,-0.0007999999999999119
2024-09-21,2024-09-21,37.7638,46.77435,-9.010549999999995,NY,0.0294,0.9706,-0.9412,0.06,0.0,0.0007999999999999119
2024-09-22,2024-09-22,37.7638,46.77435,-9.010549999999995,NY,0.0294,0.9706,-0.9412,0.06,0.0,0.0
2024-09-23,2024-09-23,37.7638,46.77435,-9.010549999999995,NY,0.028999999999999998,0.971,-0.942,0.06,0.0,-0.0007999999999999119
2024-09-24,2024-09-24,37.7638,46.77435,-9.010549999999995,NY,0.0294,0.9706,-0.9412,0.06,0.0,0.0007999999999999119
2024-09-25,2024-09-25,37.7638,46.77435,-9.010549999999995,NY,0.0294,0.9706,-0.9412,0.06,0.0,0.0
2024-09-26,2024-09-26,37.7638,46.77435,-9.010549999999995,NY,0.0298,0.9702,-0.9403999999999999,0.06,0.0,0.0008000000000001339
2024-09-27,2024-09-27,37.7638,46.77435,-9.010549999999995,NY,0.0298,0.9702,-0.9403999999999999,0.06,0.0,0.0
2024-09-28,2024-09-28,37.7638,46.77435,-9.010549999999995,NY,0.0298,0.9702,-0.9403999999999999,0.06,0.0,0.0
2024-09-29,2024-09-29,37.7638,46.77435,-9.010549999999995,NY,0.0298,0.9702,-0.9403999999999999,0.06,0.0,0.0
2024-09-30,2024-09-30,37.7638,46.77435,-9.010549999999995,NY,0.0298,0.9702,-0.9403999999999999,0.06,0.0,0.0
2024-10-01,2024-10-01,37.7638,46.77435,-9.010549999999995,NY,0.0298,0.9702,-0.9403999999999999,0.06,0.0,0.0
2024-10-02,2024-10-02,37.7638,46.77435,-9.010549999999995,NY,0.0298,0.9702,-0.9403999999999999,0.06,0.0,0.0
2024-10-03,2024-10-03,37.7638,46.77435,-9.010549999999995,NY,0.030199999999999998,0.9698,-0.9396,0.06,0.0,0.0007999999999999119
2024-10-04,2024-10-04,37.7638,46.77435,-9.010549999999995,NY,0.030199999999999998,0.9698,-0.9396,0.06,0.0,0.0
2024-10-05,2024-10-05,37.7638,46.77435,-9.010549999999995,NY,0.030199999999999998,0.9698,-0.9396,0.06,0.0,0.0
2024-10-06,2024-10-06,37.7638,46.77435,-9.010549999999995,NY,0.030199999999999998,0.9698,-0.9396,0.06,0.0,0.0
2024-10-07,2024-10-07,37.7638,46.77435,-9.010549999999995,NY,0.0306,0.9694,-0.9388000000000001,0.06,0.0,0.0007999999999999119
2024-10-08,2024-10-08,37.7638,46.77435,-9.010549999999995,NY,0.0314,0.9686,-0.9372,0.06,0.0,0.0016000000000000458
2024-10-09,2024-10-09,37.7638,46.77435,-9.010549999999995,NY,0.0314,0.9686,-0.9372,0.06,0.0,0.0
2024-10-10,2024-10-10,37.7638,46.77435,-9.010549999999995,NY,0.031599999999999996,0.9684,-0.9368000000000001,0.06,0.0,0.00039999999999995595
2024-10-11,2024-10-11,37.7638,46.77435,-9.010549999999995,NY,0.0324,0.9676,-0.9352,0.06,0.0,0.0016000000000000458
2024-10-12,2024-10-12,37.7638,46.77435,-9.010549999999995,NY,0.0318,0.9682,-0.9363999999999999,0.06,0.0,-0.0011999999999998678
2024-10-13,2024-10-13,37.7638,46.77435,-9.010549999999995,NY,0.0322,0.9678,-0.9356,0.06,0.0,0.0007999999999999119
2024-10-14,2024-10-14,37.7638,46.77435,-9.010549999999995,NY,0.0322,0.9678,-0.9356,0.06,0.0,0.0
2024-10-15,2024-10-15,37.7638,46.77435,-9.010549999999995,NY,0.0322,0.9678,-0.9356,0.06,0.0,0.0
2024-10-16,2024-10-16,37.7638,46.77435,-9.010549999999995,NY,0.032999999999999995,0.967,-0.9339999999999999,0.06,0.0,0.0016000000000000458
2024-10-17,2024-10-17,37.7638,46.77435,-9.010549999999995,NY,0.0338,0.9662,-0.9323999999999999,0.06,0.0,0.0016000000000000458
2024-10-18,2024-10-18,37.7638,46.77435,-9.010549999999995,NY,0.0344,0.9656,-0.9312,0.06,0.0,0.0011999999999998678
2024-10-19,2024-10-19,37.7638,46.77435,-9.010549999999995,NY,0.0338,0.9662,-0.9323999999999999,0.06,0.0,-0.0011999999999998678
2024-10-20,2024-10-20,37.7638,46.77435,-9.010549999999995,NY,0.0338,0.9662,-0.9323999999999999,0.06,0.0,0.0
2024-10-21,2024-10-21,37.7638,46.77435,-9.010549999999995,NY,0.033999999999999996,0.966,-0.9319999999999999,0.06,0.0,0.00039999999999995595
2024-10-22,2024-10-22,37.7638,46.77435,-9.010549999999995,NY,0.0356,0.9644,-0.9288000000000001,0.06,0.0,0.0031999999999998696
2024-10-23,2024-10-23,37.7638,46.77435,-9.010549999999995,NY,0.0358,0.9642,-0.9283999999999999,0.06,0.0,0.000400000000000178
2024-10-24,2024-10-24,37.7638,46.77435,-9.010549999999995,NY,0.0348,0.9652000000000001,-0.9304000000000001,0.06,0.0,-0.002000000000000224
2024-10-25,2024-10-25,37.7638,46.77435,-9.010549999999995,NY,0.0352,0.9648,-0.9296,0.06,0.0,0.0008000000000001339
2024-10-26,2024-10-26,37.7638,46.77435,-9.010549999999995,NY,0.0356,0.9644,-0.9288000000000001,0.06,0.0,0.0007999999999999119
2024-10-27,2024-10-27,37.7638,46.77435,-9.010549999999995,NY,0.0358,0.9642,-0.9283999999999999,0.06,0.0,0.000400000000000178
2024-10-28,2024-10-28,37.7638,46.77435,-9.010549999999995,NY,0.036199999999999996,0.9638,-0.9276,0.06,0.0,0.0007999999999999119
2024-10-29,2024-10-29,37.7638,46.77435,-9.010549999999995,NY,0.0366,0.9634,-0.9268000000000001,0.06,0.0,0.0007999999999999119
2024-10-30,2024-10-30,37.7638,46.77435,-9.010549999999995,NY,0.0366,0.9634,-0.9268000000000001,0.06,0.0,0.0
2024-10-31,2024-10-31,37.7638,46.77435,-9.010549999999995,NY,0.036199999999999996,0.9638,-0.9276,0.06,0.0,-0.0007999999999999119
2024-11-01,2024-11-01,37.7638,46.77435,-9.010549999999995,NY,0.0354,0.9646,-0.9292,0.06,0.0,-0.0016000000000000458
2024-11-02,2024-11-02,37.7638,46.77435,-9.010549999999995,NY,0.032999999999999995,0.967,-0.9339999999999999,0.06,0.0,-0.0047999999999999154
2024-11-03,2024-11-03,37.7638,46.77435,-9.010549999999995,NY,0.0322,0.9678,-0.9356,0.06,0.0,-0.0016000000000000458
2024-11-04,2024-11-04,37.7638,46.77435,-9.010549999999995,NY,0.0324,0.9676,-0.9352,0.06,0.0,0.00039999999999995595
2024-11-05,2024-11-05,37.7638,46.77435,-9.010549999999995,NY,0.03319999999999999,0.9668,-0.9336,0.06,0.0,0.0016000000000000458
